country,continent,year,gdp_pc,life_exp,pop,lgdp_pc
Afghanistan ,Asia ,1952,779.45,28.8,8425333,6.6585884
Afghanistan ,Asia ,1957,820.85,30.33,9240934,6.7103405
Afghanistan ,Asia ,1962,853.1,32,10267083,6.7488766
Afghanistan ,Asia ,1967,836.2,34.02,11537966,6.728868
Afghanistan ,Asia ,1972,739.98,36.09,13079460,6.6066232
Afghanistan ,Asia ,1977,786.11,38.44,14880372,6.6670966
Afghanistan ,Asia ,1982,978.01,39.85,12881816,6.88552
Afghanistan ,Asia ,1987,852.4,40.82,13867957,6.7480559
Afghanistan ,Asia ,1992,649.34,41.67,16317921,6.4759564
Afghanistan ,Asia ,1997,635.34,41.76,22227415,6.4541602
Afghanistan ,Asia ,2002,726.73,42.13,25268405,6.5885549
Afghanistan ,Asia ,2007,974.58,43.83,31889923,6.8820066
Albania ,Europe ,1952,1601.06,55.23,1282697,7.3784213
Albania ,Europe ,1957,1942.28,59.28,1476505,7.5716176
Albania ,Europe ,1962,2312.89,64.82,1728137,7.746253
Albania ,Europe ,1967,2760.2,66.22,1984060,7.9230585
Albania ,Europe ,1972,3313.42,67.69,2263554,8.1057358
Albania ,Europe ,1977,3533,68.93,2509048,8.1699028
Albania ,Europe ,1982,3630.88,70.42,2780097,8.1972303
Albania ,Europe ,1987,3738.93,72,3075321,8.2265549
Albania ,Europe ,1992,2497.44,71.58,3326498,7.8230214
Albania ,Europe ,1997,3193.05,72.95,3428038,8.0687323
Albania ,Europe ,2002,4604.21,75.65,3508512,8.4347267
Albania ,Europe ,2007,5937.03,76.42,3600523,8.6889639
Algeria ,Africa ,1952,2449.01,43.08,9279525,7.8034391
Algeria ,Africa ,1957,3013.98,45.69,10270856,8.0110168
Algeria ,Africa ,1962,2550.82,48.3,11000948,7.8441701
Algeria ,Africa ,1967,3246.99,51.41,12760499,8.0854836
Algeria ,Africa ,1972,4182.66,54.52,14760787,8.3387032
Algeria ,Africa ,1977,4910.42,58.01,17152804,8.499115
Algeria ,Africa ,1982,5745.16,61.37,20033753,8.6561127
Algeria ,Africa ,1987,5681.36,65.8,23254956,8.6449461
Algeria ,Africa ,1992,5023.22,67.74,26298373,8.5218267
Algeria ,Africa ,1997,4797.3,69.15,29072015,8.4758081
Algeria ,Africa ,2002,5288.04,70.99,31287142,8.5732031
Algeria ,Africa ,2007,6223.37,72.3,33333216,8.7360668
Angola ,Africa ,1952,3520.61,30.02,4232095,8.1663895
Angola ,Africa ,1957,3827.94,32,4561361,8.250082
Angola ,Africa ,1962,4269.28,34,4826015,8.3592005
Angola ,Africa ,1967,5522.78,35.99,5247469,8.6166363
Angola ,Africa ,1972,5473.29,37.93,5894858,8.6076355
Angola ,Africa ,1977,3008.65,39.48,6162675,8.0092468
Angola ,Africa ,1982,2756.95,39.94,7016384,7.9218802
Angola ,Africa ,1987,2430.21,39.91,7874230,7.795733
Angola ,Africa ,1992,2627.85,40.65,8735988,7.8739214
Angola ,Africa ,1997,2277.14,40.96,9875024,7.7306757
Angola ,Africa ,2002,2773.29,41,10866106,7.9277897
Angola ,Africa ,2007,4797.23,42.73,12420476,8.4757938
Argentina ,Americas ,1952,5911.32,62.49,17876956,8.6846247
Argentina ,Americas ,1957,6856.86,64.4,19610538,8.833005
Argentina ,Americas ,1962,7133.17,65.14,21283783,8.8725109
Argentina ,Americas ,1967,8052.95,65.63,22934225,8.9937935
Argentina ,Americas ,1972,9443.04,67.07,24779799,9.1530333
Argentina ,Americas ,1977,10079.03,68.48,26983828,9.2182121
Argentina ,Americas ,1982,8997.9,69.94,29341374,9.1047468
Argentina ,Americas ,1987,9139.67,70.77,31620918,9.1203794
Argentina ,Americas ,1992,9308.42,71.87,33958947,9.1386747
Argentina ,Americas ,1997,10967.28,73.28,36203463,9.3026714
Argentina ,Americas ,2002,8797.64,74.34,38331121,9.0822392
Argentina ,Americas ,2007,12779.38,75.32,40301927,9.4555883
Australia ,Oceania ,1952,10039.6,69.12,8691212,9.2142925
Australia ,Oceania ,1957,10949.65,70.33,9712569,9.3010626
Australia ,Oceania ,1962,12217.23,70.93,10794968,9.4106026
Australia ,Oceania ,1967,14526.12,71.1,11872264,9.583704
Australia ,Oceania ,1972,16788.63,71.93,13177000,9.7284575
Australia ,Oceania ,1977,18334.2,73.49,14074100,9.8165236
Australia ,Oceania ,1982,19477.01,74.74,15184200,9.8769903
Australia ,Oceania ,1987,21888.89,76.32,16257249,9.9937344
Australia ,Oceania ,1992,23424.77,77.56,17481977,10.061549
Australia ,Oceania ,1997,26997.94,78.83,18565243,10.203516
Australia ,Oceania ,2002,30687.75,80.37,19546792,10.331619
Australia ,Oceania ,2007,34435.37,81.24,20434176,10.446839
Austria ,Europe ,1952,6137.08,66.8,6927772,8.7221041
Austria ,Europe ,1957,8842.6,67.48,6965860,9.0873365
Austria ,Europe ,1962,10750.72,69.54,7129864,9.2827282
Austria ,Europe ,1967,12834.6,70.14,7376998,9.4598999
Austria ,Europe ,1972,16661.63,70.63,7544201,9.7208633
Austria ,Europe ,1977,19749.42,72.17,7568430,9.8908796
Austria ,Europe ,1982,21597.08,73.18,7574613,9.9803133
Austria ,Europe ,1987,23687.83,74.94,7578903,10.072717
Austria ,Europe ,1992,27042.02,76.04,7914969,10.205147
Austria ,Europe ,1997,29095.92,77.51,8069876,10.278354
Austria ,Europe ,2002,32417.61,78.98,8148312,10.386457
Austria ,Europe ,2007,36126.49,79.83,8199783,10.494781
Bahrain ,Asia ,1952,9867.08,50.94,120447,9.1969595
Bahrain ,Asia ,1957,11635.8,53.83,138655,9.3618422
Bahrain ,Asia ,1962,12753.28,56.92,171863,9.4535437
Bahrain ,Asia ,1967,14804.67,59.92,202182,9.6026983
Bahrain ,Asia ,1972,18268.66,63.3,230800,9.8129425
Bahrain ,Asia ,1977,19340.1,65.59,297410,9.869936
Bahrain ,Asia ,1982,19211.15,69.05,377967,9.863246
Bahrain ,Asia ,1987,18524.02,70.75,454612,9.8268232
Bahrain ,Asia ,1992,19035.58,72.6,529491,9.8540649
Bahrain ,Asia ,1997,20292.02,73.93,598561,9.9179831
Bahrain ,Asia ,2002,23403.56,74.8,656397,10.060643
Bahrain ,Asia ,2007,29796.05,75.64,708573,10.302131
Bangladesh ,Asia ,1952,684.24,37.48,46886859,6.5283089
Bangladesh ,Asia ,1957,661.64,39.35,51365468,6.4947214
Bangladesh ,Asia ,1962,686.34,41.22,56839289,6.531373
Bangladesh ,Asia ,1967,721.19,43.45,62821884,6.5809026
Bangladesh ,Asia ,1972,630.23,45.25,70759295,6.446085
Bangladesh ,Asia ,1977,659.88,46.92,80428306,6.4920578
Bangladesh ,Asia ,1982,676.98,50.01,93074406,6.5176415
Bangladesh ,Asia ,1987,751.98,52.82,103764241,6.6227098
Bangladesh ,Asia ,1992,837.81,56.02,113704579,6.7307916
Bangladesh ,Asia ,1997,972.77,59.41,123315288,6.8801475
Bangladesh ,Asia ,2002,1136.39,62.01,135656790,7.0356116
Bangladesh ,Asia ,2007,1391.25,64.06,150448339,7.237958
Belgium ,Europe ,1952,8343.11,68,8730405,9.029191
Belgium ,Europe ,1957,9714.96,69.24,8989111,9.1814222
Belgium ,Europe ,1962,10991.21,70.25,9218400,9.3048515
Belgium ,Europe ,1967,13149.04,70.94,9556500,9.4841042
Belgium ,Europe ,1972,16672.14,71.44,9709100,9.7214947
Belgium ,Europe ,1977,19117.97,72.8,9821800,9.8583841
Belgium ,Europe ,1982,20979.85,73.93,9856303,9.9513178
Belgium ,Europe ,1987,22525.56,75.35,9870200,10.022406
Belgium ,Europe ,1992,25575.57,76.46,10045622,10.149393
Belgium ,Europe ,1997,27561.2,77.53,10199787,10.224164
Belgium ,Europe ,2002,30485.88,78.32,10311970,10.325019
Belgium ,Europe ,2007,33692.61,79.44,10392226,10.425034
Benin ,Africa ,1952,1062.75,38.22,1738315,6.9686151
Benin ,Africa ,1957,959.6,40.36,1925173,6.8665166
Benin ,Africa ,1962,949.5,42.62,2151895,6.8559356
Benin ,Africa ,1967,1035.83,44.89,2427334,6.9429584
Benin ,Africa ,1972,1085.8,47.01,2761407,6.9900723
Benin ,Africa ,1977,1029.16,49.19,3168267,6.9364982
Benin ,Africa ,1982,1277.9,50.9,3641603,7.1529732
Benin ,Africa ,1987,1225.86,52.34,4243788,7.1113977
Benin ,Africa ,1992,1191.21,53.92,4981671,7.082725
Benin ,Africa ,1997,1232.98,54.78,6066080,7.1171894
Benin ,Africa ,2002,1372.88,54.41,7026113,7.2246661
Benin ,Africa ,2007,1441.28,56.73,8078314,7.2732868
Bolivia ,Americas ,1952,2677.33,40.41,2883315,7.8925753
Bolivia ,Americas ,1957,2127.69,41.89,3211738,7.6627922
Bolivia ,Americas ,1962,2180.97,43.43,3593918,7.6875248
Bolivia ,Americas ,1967,2586.89,45.03,4040665,7.8582115
Bolivia ,Americas ,1972,2980.33,46.71,4565872,7.9997892
Bolivia ,Americas ,1977,3548.1,50.02,5079716,8.1741676
Bolivia ,Americas ,1982,3156.51,53.86,5642224,8.0572224
Bolivia ,Americas ,1987,2753.69,57.25,6156369,7.9206972
Bolivia ,Americas ,1992,2961.7,59.96,6893451,7.9935188
Bolivia ,Americas ,1997,3326.14,62.05,7693188,8.1095676
Bolivia ,Americas ,2002,3413.26,63.88,8445134,8.1354227
Bolivia ,Americas ,2007,3822.14,65.55,9119152,8.2485657
Bosnia and Herzegovina ,Europe ,1952,973.53,53.82,2791000,6.8809285
Bosnia and Herzegovina ,Europe ,1957,1353.99,58.45,3076000,7.2108111
Bosnia and Herzegovina ,Europe ,1962,1709.68,61.93,3349000,7.4440613
Bosnia and Herzegovina ,Europe ,1967,2172.35,64.79,3585000,7.6835647
Bosnia and Herzegovina ,Europe ,1972,2860.17,67.45,3819000,7.9586363
Bosnia and Herzegovina ,Europe ,1977,3528.48,69.86,4086000,8.168622
Bosnia and Herzegovina ,Europe ,1982,4126.61,70.69,4172693,8.3252115
Bosnia and Herzegovina ,Europe ,1987,4314.11,71.14,4338977,8.3696461
Bosnia and Herzegovina ,Europe ,1992,2546.78,72.18,4256013,7.8425851
Bosnia and Herzegovina ,Europe ,1997,4766.36,73.24,3607000,8.4693384
Bosnia and Herzegovina ,Europe ,2002,6018.98,74.09,4165416,8.702673
Bosnia and Herzegovina ,Europe ,2007,7446.3,74.85,4552198,8.915473
Botswana ,Africa ,1952,851.24,47.62,442308,6.7466941
Botswana ,Africa ,1957,918.23,49.62,474639,6.8224478
Botswana ,Africa ,1962,983.65,51.52,512764,6.8912702
Botswana ,Africa ,1967,1214.71,53.3,553541,7.1022606
Botswana ,Africa ,1972,2263.61,56.02,619351,7.7247162
Botswana ,Africa ,1977,3214.86,59.32,781472,8.0755386
Botswana ,Africa ,1982,4551.14,61.48,970347,8.4231329
Botswana ,Africa ,1987,6205.88,63.62,1151184,8.7332525
Botswana ,Africa ,1992,7954.11,62.75,1342614,8.9814444
Botswana ,Africa ,1997,8647.14,52.56,1536536,9.0649843
Botswana ,Africa ,2002,11003.61,46.63,1630347,9.3059788
Botswana ,Africa ,2007,12569.85,50.73,1639131,9.4390564
Brazil ,Americas ,1952,2108.94,50.92,56602560,7.6539407
Brazil ,Americas ,1957,2487.37,53.29,65551171,7.8189812
Brazil ,Americas ,1962,3336.59,55.67,76039390,8.1127043
Brazil ,Americas ,1967,3429.86,57.63,88049823,8.140275
Brazil ,Americas ,1972,4985.71,59.5,100840058,8.5143309
Brazil ,Americas ,1977,6660.12,61.49,114313951,8.8038931
Brazil ,Americas ,1982,7030.84,63.34,128962939,8.8580618
Brazil ,Americas ,1987,7807.1,65.21,142938076,8.9627886
Brazil ,Americas ,1992,6950.28,67.06,155975974,8.8465376
Brazil ,Americas ,1997,7957.98,69.39,168546719,8.9819307
Brazil ,Americas ,2002,8131.21,71.01,179914212,9.0034647
Brazil ,Americas ,2007,9065.8,72.39,190010647,9.1122646
Bulgaria ,Europe ,1952,2444.29,59.6,7274900,7.8015099
Bulgaria ,Europe ,1957,3008.67,66.61,7651254,8.0092535
Bulgaria ,Europe ,1962,4254.34,69.51,8012946,8.3556948
Bulgaria ,Europe ,1967,5577,70.42,8310226,8.6264067
Bulgaria ,Europe ,1972,6597.49,70.9,8576200,8.7944441
Bulgaria ,Europe ,1977,7612.24,70.81,8797022,8.9375124
Bulgaria ,Europe ,1982,8224.19,71.08,8892098,9.0148354
Bulgaria ,Europe ,1987,8239.85,71.34,8971958,9.016737
Bulgaria ,Europe ,1992,6302.62,71.19,8658506,8.7487211
Bulgaria ,Europe ,1997,5970.39,70.32,8066057,8.6945677
Bulgaria ,Europe ,2002,7696.78,72.14,7661799,8.9485569
Bulgaria ,Europe ,2007,10680.79,73.01,7322858,9.2762022
Burkina Faso ,Africa ,1952,543.26,31.98,4469979,6.2975879
Burkina Faso ,Africa ,1957,617.18,34.91,4713416,6.4251609
Burkina Faso ,Africa ,1962,722.51,37.81,4919632,6.5827312
Burkina Faso ,Africa ,1967,794.83,40.7,5127935,6.6781282
Burkina Faso ,Africa ,1972,854.74,43.59,5433886,6.7507973
Burkina Faso ,Africa ,1977,743.39,46.14,5889574,6.6112208
Burkina Faso ,Africa ,1982,807.2,48.12,6634596,6.6935716
Burkina Faso ,Africa ,1987,912.06,49.56,7586551,6.8157058
Burkina Faso ,Africa ,1992,931.75,50.26,8878303,6.8370647
Burkina Faso ,Africa ,1997,946.29,50.32,10352843,6.8525491
Burkina Faso ,Africa ,2002,1037.65,50.65,12251209,6.9447136
Burkina Faso ,Africa ,2007,1217.03,52.3,14326203,7.1041689
Burundi ,Africa ,1952,339.3,39.03,2445618,5.8268847
Burundi ,Africa ,1957,379.56,40.53,2667518,5.9390125
Burundi ,Africa ,1962,355.2,42.05,2961915,5.8726811
Burundi ,Africa ,1967,412.98,43.55,3330989,6.0233994
Burundi ,Africa ,1972,464.1,44.06,3529983,6.1401
Burundi ,Africa ,1977,556.1,45.91,3834415,6.3209481
Burundi ,Africa ,1982,559.6,47.47,4580410,6.3272223
Burundi ,Africa ,1987,621.82,48.21,5126023,6.4326506
Burundi ,Africa ,1992,631.7,44.74,5809236,6.4484148
Burundi ,Africa ,1997,463.12,45.33,6121610,6.1379862
Burundi ,Africa ,2002,446.4,47.36,7021078,6.1012154
Burundi ,Africa ,2007,430.07,49.58,8390505,6.0639482
Cambodia ,Asia ,1952,368.47,39.42,4693836,5.9093595
Cambodia ,Asia ,1957,434.04,41.37,5322536,6.0731368
Cambodia ,Asia ,1962,496.91,43.42,6083619,6.2084088
Cambodia ,Asia ,1967,523.43,45.42,6960067,6.2604032
Cambodia ,Asia ,1972,421.62,40.32,7450606,6.0441046
Cambodia ,Asia ,1977,524.97,31.22,6978607,6.263341
Cambodia ,Asia ,1982,624.48,50.96,7272485,6.4369192
Cambodia ,Asia ,1987,683.9,53.91,8371791,6.5278115
Cambodia ,Asia ,1992,682.3,55.8,10150094,6.5254693
Cambodia ,Asia ,1997,734.29,56.53,11782962,6.5989041
Cambodia ,Asia ,2002,896.23,56.75,12926707,6.7981973
Cambodia ,Asia ,2007,1713.78,59.72,14131858,7.4464569
Cameroon ,Africa ,1952,1172.67,38.52,5009067,7.0670385
Cameroon ,Africa ,1957,1313.05,40.43,5359923,7.1801081
Cameroon ,Africa ,1962,1399.61,42.64,5793633,7.2439489
Cameroon ,Africa ,1967,1508.45,44.8,6335506,7.3188381
Cameroon ,Africa ,1972,1684.15,47.05,7021028,7.4290161
Cameroon ,Africa ,1977,1783.43,49.36,7959865,7.4862938
Cameroon ,Africa ,1982,2367.98,52.96,9250831,7.7697926
Cameroon ,Africa ,1987,2602.66,54.99,10780667,7.8642893
Cameroon ,Africa ,1992,1793.16,54.31,12467171,7.4917345
Cameroon ,Africa ,1997,1694.34,52.2,14195809,7.4350486
Cameroon ,Africa ,2002,1934.01,49.86,15929988,7.5673509
Cameroon ,Africa ,2007,2042.1,50.43,17696293,7.6217341
Canada ,Americas ,1952,11367.16,68.75,14785584,9.3384838
Canada ,Americas ,1957,12489.95,69.96,17010154,9.4326792
Canada ,Americas ,1962,13462.49,71.3,18985849,9.5076628
Canada ,Americas ,1967,16076.59,72.13,20819767,9.6851196
Canada ,Americas ,1972,18970.57,72.88,22284500,9.8506441
Canada ,Americas ,1977,22090.88,74.21,23796400,10.00292
Canada ,Americas ,1982,22898.79,75.76,25201900,10.038839
Canada ,Americas ,1987,26626.52,76.86,26549700,10.189663
Canada ,Americas ,1992,26342.88,77.95,28523502,10.178953
Canada ,Americas ,1997,28954.93,78.61,30305843,10.273496
Canada ,Americas ,2002,33328.97,79.77,31902268,10.414183
Canada ,Americas ,2007,36319.24,80.65,33390141,10.500103
Central African Republic ,Africa ,1952,1071.31,35.46,1291695,6.9766374
Central African Republic ,Africa ,1957,1190.84,37.46,1392284,7.0824142
Central African Republic ,Africa ,1962,1193.07,39.48,1523478,7.0842853
Central African Republic ,Africa ,1967,1136.06,41.48,1733638,7.0353212
Central African Republic ,Africa ,1972,1070.01,43.46,1927260,6.9754233
Central African Republic ,Africa ,1977,1109.37,46.78,2167533,7.0115476
Central African Republic ,Africa ,1982,956.75,48.3,2476971,6.8635421
Central African Republic ,Africa ,1987,844.88,50.49,2840009,6.7391944
Central African Republic ,Africa ,1992,747.91,49.4,3265124,6.6172829
Central African Republic ,Africa ,1997,740.51,46.07,3696513,6.6073389
Central African Republic ,Africa ,2002,738.69,43.31,4048013,6.6048784
Central African Republic ,Africa ,2007,706.02,44.74,4369038,6.5596437
Chad ,Africa ,1952,1178.67,38.09,2682462,7.0721421
Chad ,Africa ,1957,1308.5,39.88,2894855,7.1766367
Chad ,Africa ,1962,1389.82,41.72,3150417,7.2369294
Chad ,Africa ,1967,1196.81,43.6,3495967,7.0874147
Chad ,Africa ,1972,1104.1,45.57,3899068,7.0067859
Chad ,Africa ,1977,1133.98,47.38,4388260,7.0334888
Chad ,Africa ,1982,797.91,49.52,4875118,6.6819959
Chad ,Africa ,1987,952.39,51.05,5498955,6.8589745
Chad ,Africa ,1992,1058.06,51.72,6429417,6.9641924
Chad ,Africa ,1997,1004.96,51.57,7562011,6.912703
Chad ,Africa ,2002,1156.18,50.53,8835739,7.0528769
Chad ,Africa ,2007,1704.06,50.65,10238807,7.4407687
Chile ,Americas ,1952,3939.98,54.75,6377619,8.2789307
Chile ,Americas ,1957,4315.62,56.07,7048426,8.3699961
Chile ,Americas ,1962,4519.09,57.92,7961258,8.4160662
Chile ,Americas ,1967,5106.65,60.52,8858908,8.5382986
Chile ,Americas ,1972,5494.02,63.44,9717524,8.6114159
Chile ,Americas ,1977,4756.76,67.05,10599793,8.4673223
Chile ,Americas ,1982,5095.67,70.57,11487112,8.5361462
Chile ,Americas ,1987,5547.06,72.49,12463354,8.6210232
Chile ,Americas ,1992,7596.13,74.13,13572994,8.9353943
Chile ,Americas ,1997,10118.05,75.82,14599929,9.2220764
Chile ,Americas ,2002,10778.78,77.86,15497046,9.2853346
Chile ,Americas ,2007,13171.64,78.55,16284741,9.4858217
China ,Asia ,1952,400.45,44,556263527,5.992589
China ,Asia ,1957,575.99,50.55,637408000,6.3560901
China ,Asia ,1962,487.67,44.5,665770000,6.1896391
China ,Asia ,1967,612.71,58.38,754550000,6.417892
China ,Asia ,1972,676.9,63.12,862030000,6.5175238
China ,Asia ,1977,741.24,63.97,943455000,6.6083245
China ,Asia ,1982,962.42,65.53,1000281000,6.869451
China ,Asia ,1987,1378.9,67.27,1084035000,7.2290416
China ,Asia ,1992,1655.78,68.69,1164970000,7.4120274
China ,Asia ,1997,2289.23,70.43,1230075000,7.735971
China ,Asia ,2002,3119.28,72.03,1280400000,8.0453577
China ,Asia ,2007,4959.11,72.96,1318683096,8.5089817
Colombia ,Americas ,1952,2144.12,50.64,12350771,7.6704845
Colombia ,Americas ,1957,2323.81,55.12,14485993,7.7509632
Colombia ,Americas ,1962,2492.35,57.86,17009885,7.8209815
Colombia ,Americas ,1967,2678.73,59.96,19764027,7.8930979
Colombia ,Americas ,1972,3264.66,61.62,22542890,8.0909109
Colombia ,Americas ,1977,3815.81,63.84,25094412,8.2469082
Colombia ,Americas ,1982,4397.58,66.65,27764644,8.3888092
Colombia ,Americas ,1987,4903.22,67.77,30964245,8.4976473
Colombia ,Americas ,1992,5444.65,68.42,34202721,8.6023884
Colombia ,Americas ,1997,6117.36,70.31,37657830,8.7188864
Colombia ,Americas ,2002,5755.26,71.68,41008227,8.6578693
Colombia ,Americas ,2007,7006.58,72.89,44227550,8.8546047
Comoros ,Africa ,1952,1102.99,40.72,153936,7.0057797
Comoros ,Africa ,1957,1211.15,42.46,170928,7.0993257
Comoros ,Africa ,1962,1406.65,44.47,191689,7.2489662
Comoros ,Africa ,1967,1876.03,46.47,217378,7.5369129
Comoros ,Africa ,1972,1937.58,48.94,250027,7.5691953
Comoros ,Africa ,1977,1172.6,50.94,304739,7.0669789
Comoros ,Africa ,1982,1267.1,52.93,348643,7.144486
Comoros ,Africa ,1987,1315.98,54.93,395114,7.1823368
Comoros ,Africa ,1992,1246.91,57.94,454429,7.1284237
Comoros ,Africa ,1997,1173.62,60.66,527982,7.0678482
Comoros ,Africa ,2002,1075.81,62.97,614382,6.9808292
Comoros ,Africa ,2007,986.15,65.15,710960,6.8938084
"Congo, Dem. Rep. ",Africa ,1952,780.54,39.14,14100005,6.659986
"Congo, Dem. Rep. ",Africa ,1957,905.86,40.65,15577932,6.8088846
"Congo, Dem. Rep. ",Africa ,1962,896.31,42.12,17486434,6.7982864
"Congo, Dem. Rep. ",Africa ,1967,861.59,44.06,19941073,6.7587795
"Congo, Dem. Rep. ",Africa ,1972,904.9,45.99,23007669,6.8078246
"Congo, Dem. Rep. ",Africa ,1977,795.76,47.8,26480870,6.6792974
"Congo, Dem. Rep. ",Africa ,1982,673.75,47.78,30646495,6.5128593
"Congo, Dem. Rep. ",Africa ,1987,672.77,47.41,35481645,6.5114036
"Congo, Dem. Rep. ",Africa ,1992,457.72,45.55,41672143,6.1262574
"Congo, Dem. Rep. ",Africa ,1997,312.19,42.59,47798986,5.7436118
"Congo, Dem. Rep. ",Africa ,2002,241.17,44.97,55379852,5.4855022
"Congo, Dem. Rep. ",Africa ,2007,277.55,46.46,64606759,5.6260009
"Congo, Rep. ",Africa ,1952,2125.62,42.11,854885,7.661819
"Congo, Rep. ",Africa ,1957,2315.06,45.05,940458,7.747191
"Congo, Rep. ",Africa ,1962,2464.78,48.44,1047924,7.8098578
"Congo, Rep. ",Africa ,1967,2677.94,52.04,1179760,7.8928032
"Congo, Rep. ",Africa ,1972,3213.15,54.91,1340458,8.0750074
"Congo, Rep. ",Africa ,1977,3259.18,55.63,1536769,8.0892305
"Congo, Rep. ",Africa ,1982,4879.51,56.7,1774735,8.4927998
"Congo, Rep. ",Africa ,1987,4201.19,57.47,2064095,8.3431234
"Congo, Rep. ",Africa ,1992,4016.24,56.43,2409073,8.2981014
"Congo, Rep. ",Africa ,1997,3484.16,52.96,2800947,8.155982
"Congo, Rep. ",Africa ,2002,3484.06,52.97,3328795,8.1559534
"Congo, Rep. ",Africa ,2007,3632.56,55.32,3800610,8.1976929
Costa Rica ,Americas ,1952,2627.01,57.21,926317,7.8736014
Costa Rica ,Americas ,1957,2990.01,60.03,1112300,8.0030317
Costa Rica ,Americas ,1962,3460.94,62.84,1345187,8.1492958
Costa Rica ,Americas ,1967,4161.73,65.42,1588717,8.3336859
Costa Rica ,Americas ,1972,5118.15,67.85,1834796,8.5405483
Costa Rica ,Americas ,1977,5926.88,70.75,2108457,8.687253
Costa Rica ,Americas ,1982,5262.73,73.45,2424367,8.5684052
Costa Rica ,Americas ,1987,5629.92,74.75,2799811,8.6358509
Costa Rica ,Americas ,1992,6160.42,75.71,3173216,8.7259007
Costa Rica ,Americas ,1997,6677.05,77.26,3518107,8.8064318
Costa Rica ,Americas ,2002,7723.45,78.12,3834934,8.9520168
Costa Rica ,Americas ,2007,9645.06,78.78,4133884,9.174201
Cote d'Ivoire ,Africa ,1952,1388.59,40.48,2977019,7.2360439
Cote d'Ivoire ,Africa ,1957,1500.9,42.47,3300000,7.3138204
Cote d'Ivoire ,Africa ,1962,1728.87,44.93,3832408,7.4552231
Cote d'Ivoire ,Africa ,1967,2052.05,47.35,4744870,7.6265945
Cote d'Ivoire ,Africa ,1972,2378.2,49.8,6071696,7.7740993
Cote d'Ivoire ,Africa ,1977,2517.74,52.37,7459574,7.8311172
Cote d'Ivoire ,Africa ,1982,2602.71,53.98,9025951,7.8643084
Cote d'Ivoire ,Africa ,1987,2156.96,54.66,10761098,7.676455
Cote d'Ivoire ,Africa ,1992,1648.07,52.04,12772596,7.4073601
Cote d'Ivoire ,Africa ,1997,1786.27,47.99,14625967,7.487885
Cote d'Ivoire ,Africa ,2002,1648.8,46.83,16252726,7.4078031
Cote d'Ivoire ,Africa ,2007,1544.75,48.33,18013409,7.3426175
Croatia ,Europe ,1952,3119.24,61.21,3882229,8.0453444
Croatia ,Europe ,1957,4338.23,64.77,3991242,8.3752213
Croatia ,Europe ,1962,5477.89,67.13,4076557,8.6084757
Croatia ,Europe ,1967,6960.3,68.5,4174366,8.8479776
Croatia ,Europe ,1972,9164.09,69.61,4225310,9.1230478
Croatia ,Europe ,1977,11305.39,70.64,4318673,9.3330345
Croatia ,Europe ,1982,13221.82,70.46,4413368,9.489624
Croatia ,Europe ,1987,13822.58,71.52,4484310,9.5340586
Croatia ,Europe ,1992,8447.79,72.53,4494013,9.0416603
Croatia ,Europe ,1997,9875.6,73.68,4444595,9.1978226
Croatia ,Europe ,2002,11628.39,74.88,4481020,9.3612051
Croatia ,Europe ,2007,14619.22,75.75,4493312,9.5900927
Cuba ,Americas ,1952,5586.54,59.42,6007797,8.6281157
Cuba ,Americas ,1957,6092.17,62.33,6640752,8.7147598
Cuba ,Americas ,1962,5180.76,65.25,7254373,8.5527067
Cuba ,Americas ,1967,5690.27,68.29,8139332,8.646513
Cuba ,Americas ,1972,5305.45,70.72,8831348,8.5764894
Cuba ,Americas ,1977,6380.49,72.65,9537988,8.7610006
Cuba ,Americas ,1982,7316.92,73.72,9789224,8.8979445
Cuba ,Americas ,1987,7532.92,74.17,10239839,8.9270382
Cuba ,Americas ,1992,5592.84,74.41,10723260,8.6292429
Cuba ,Americas ,1997,5431.99,76.15,10983007,8.6000605
Cuba ,Americas ,2002,6340.65,77.16,11226999,8.7547369
Cuba ,Americas ,2007,8948.1,78.27,11416987,9.0991964
Czech Republic ,Europe ,1952,6876.14,66.87,9125183,8.8358126
Czech Republic ,Europe ,1957,8256.34,69.03,9513758,9.0187368
Czech Republic ,Europe ,1962,10136.87,69.9,9620282,9.2239342
Czech Republic ,Europe ,1967,11399.44,70.38,9835109,9.3413191
Czech Republic ,Europe ,1972,13108.45,70.29,9862158,9.4810123
Czech Republic ,Europe ,1977,14800.16,70.71,10161915,9.6023932
Czech Republic ,Europe ,1982,15377.23,70.96,10303704,9.6406431
Czech Republic ,Europe ,1987,16310.44,71.58,10311597,9.6995611
Czech Republic ,Europe ,1992,14297.02,72.4,10315702,9.5678062
Czech Republic ,Europe ,1997,16048.51,74.01,10300707,9.6833715
Czech Republic ,Europe ,2002,17596.21,75.51,10256295,9.7754393
Czech Republic ,Europe ,2007,22833.31,76.49,10228744,10.035975
Denmark ,Europe ,1952,9692.39,70.78,4334000,9.1790962
Denmark ,Europe ,1957,11099.66,71.81,4487831,9.3146696
Denmark ,Europe ,1962,13583.31,72.35,4646899,9.5165968
Denmark ,Europe ,1967,15937.21,72.96,4838800,9.6764116
Denmark ,Europe ,1972,18866.21,73.47,4991596,9.8451281
Denmark ,Europe ,1977,20422.9,74.69,5088419,9.9244118
Denmark ,Europe ,1982,21688.04,74.63,5117810,9.9845161
Denmark ,Europe ,1987,25116.18,74.8,5127024,10.131268
Denmark ,Europe ,1992,26406.74,75.33,5171393,10.181375
Denmark ,Europe ,1997,29804.35,76.11,5283663,10.302409
Denmark ,Europe ,2002,32166.5,77.18,5374693,10.378681
Denmark ,Europe ,2007,35278.42,78.33,5468120,10.471026
Djibouti ,Africa ,1952,2669.53,34.81,63149,7.8896575
Djibouti ,Africa ,1957,2864.97,37.33,71851,7.9603133
Djibouti ,Africa ,1962,3020.99,39.69,89898,8.01334
Djibouti ,Africa ,1967,3020.05,42.07,127617,8.0130291
Djibouti ,Africa ,1972,3694.21,44.37,178848,8.2145224
Djibouti ,Africa ,1977,3081.76,46.52,228694,8.0332565
Djibouti ,Africa ,1982,2879.47,48.81,305991,7.9653616
Djibouti ,Africa ,1987,2880.1,50.04,311025,7.9655805
Djibouti ,Africa ,1992,2377.16,51.6,384156,7.7736616
Djibouti ,Africa ,1997,1895.02,53.16,417908,7.5469847
Djibouti ,Africa ,2002,1908.26,53.37,447416,7.553947
Djibouti ,Africa ,2007,2082.48,54.79,496374,7.641315
Dominican Republic ,Americas ,1952,1397.72,45.93,2491346,7.2425976
Dominican Republic ,Americas ,1957,1544.4,49.83,2923186,7.3423905
Dominican Republic ,Americas ,1962,1662.14,53.46,3453434,7.4158611
Dominican Republic ,Americas ,1967,1653.72,56.75,4049146,7.4107823
Dominican Republic ,Americas ,1972,2189.87,59.63,4671329,7.6915975
Dominican Republic ,Americas ,1977,2681.99,61.79,5302800,7.8943143
Dominican Republic ,Americas ,1982,2861.09,63.73,5968349,7.9589581
Dominican Republic ,Americas ,1987,2899.84,66.05,6655297,7.9724107
Dominican Republic ,Americas ,1992,3044.21,68.46,7351181,8.020997
Dominican Republic ,Americas ,1997,3614.1,69.96,7992357,8.1925983
Dominican Republic ,Americas ,2002,4563.81,70.85,8650322,8.4259129
Dominican Republic ,Americas ,2007,6025.37,72.24,9319622,8.7037344
Ecuador ,Americas ,1952,3522.11,48.36,3548753,8.1668158
Ecuador ,Americas ,1957,3780.55,51.36,4058385,8.2376251
Ecuador ,Americas ,1962,4086.11,54.64,4681707,8.3153486
Ecuador ,Americas ,1967,4579.07,56.68,5432424,8.4292517
Ecuador ,Americas ,1972,5280.99,58.8,6298651,8.5718689
Ecuador ,Americas ,1977,6679.62,61.31,7278866,8.8068161
Ecuador ,Americas ,1982,7213.79,64.34,8365850,8.88375
Ecuador ,Americas ,1987,6481.78,67.23,9545158,8.7767506
Ecuador ,Americas ,1992,7103.7,69.61,10748394,8.868371
Ecuador ,Americas ,1997,7429.46,72.31,11911819,8.913208
Ecuador ,Americas ,2002,5773.04,74.17,12921234,8.6609545
Ecuador ,Americas ,2007,6873.26,74.99,13755680,8.8353939
Egypt ,Africa ,1952,1418.82,41.89,22223309,7.2575808
Egypt ,Africa ,1957,1458.92,44.44,25009741,7.2854519
Egypt ,Africa ,1962,1693.34,46.99,28173309,7.4344583
Egypt ,Africa ,1967,1814.88,49.29,31681188,7.5037746
Egypt ,Africa ,1972,2024.01,51.14,34807417,7.6128359
Egypt ,Africa ,1977,2785.49,53.32,38783863,7.932179
Egypt ,Africa ,1982,3503.73,56.01,45681811,8.1615829
Egypt ,Africa ,1987,3885.46,59.8,52799062,8.2649965
Egypt ,Africa ,1992,3794.76,63.67,59402198,8.2413769
Egypt ,Africa ,1997,4173.18,67.22,66134291,8.3364334
Egypt ,Africa ,2002,4754.6,69.81,73312559,8.4668674
Egypt ,Africa ,2007,5581.18,71.34,80264543,8.6271553
El Salvador ,Americas ,1952,3048.3,45.26,2042865,8.0223389
El Salvador ,Americas ,1957,3421.52,48.57,2355805,8.1378403
El Salvador ,Americas ,1962,3776.8,52.31,2747687,8.2366323
El Salvador ,Americas ,1967,4358.6,55.86,3232927,8.3799067
El Salvador ,Americas ,1972,4520.25,58.21,3790903,8.4163227
El Salvador ,Americas ,1977,5138.92,56.7,4282586,8.5445986
El Salvador ,Americas ,1982,4098.34,56.6,4474873,8.3183374
El Salvador ,Americas ,1987,4140.44,63.15,4842194,8.328557
El Salvador ,Americas ,1992,4444.23,66.8,5274649,8.3993616
El Salvador ,Americas ,1997,5154.83,69.54,5783439,8.5476894
El Salvador ,Americas ,2002,5351.57,70.73,6353681,8.585145
El Salvador ,Americas ,2007,5728.35,71.88,6939688,8.653183
Equatorial Guinea ,Africa ,1952,375.64,34.48,216964,5.9286313
Equatorial Guinea ,Africa ,1957,426.1,35.98,232922,6.0546741
Equatorial Guinea ,Africa ,1962,582.84,37.49,249220,6.3679128
Equatorial Guinea ,Africa ,1967,915.6,38.99,259864,6.8195796
Equatorial Guinea ,Africa ,1972,672.41,40.52,277603,6.5108681
Equatorial Guinea ,Africa ,1977,958.57,42.02,192675,6.8654428
Equatorial Guinea ,Africa ,1982,927.83,43.66,285483,6.8328485
Equatorial Guinea ,Africa ,1987,966.9,45.66,341244,6.874095
Equatorial Guinea ,Africa ,1992,1132.06,47.55,387838,7.0317941
Equatorial Guinea ,Africa ,1997,2814.48,48.25,439971,7.942533
Equatorial Guinea ,Africa ,2002,7703.5,49.35,495627,8.9494305
Equatorial Guinea ,Africa ,2007,12154.09,51.58,551201,9.4054213
Eritrea ,Africa ,1952,328.94,35.93,1438760,5.7958755
Eritrea ,Africa ,1957,344.16,38.05,1542611,5.8411069
Eritrea ,Africa ,1962,381,40.16,1666618,5.9427996
Eritrea ,Africa ,1967,468.79,42.19,1820319,6.1501551
Eritrea ,Africa ,1972,514.32,44.14,2260187,6.2428455
Eritrea ,Africa ,1977,505.75,44.54,2512642,6.2260423
Eritrea ,Africa ,1982,524.88,43.89,2637297,6.2631698
Eritrea ,Africa ,1987,521.13,46.45,2915959,6.2559996
Eritrea ,Africa ,1992,582.86,49.99,3668440,6.3679471
Eritrea ,Africa ,1997,913.47,53.38,4058319,6.8172507
Eritrea ,Africa ,2002,765.35,55.24,4414865,6.6403332
Eritrea ,Africa ,2007,641.37,58.04,4906585,6.4636064
Ethiopia ,Africa ,1952,362.15,34.08,20860941,5.8920584
Ethiopia ,Africa ,1957,378.9,36.67,22815614,5.9372725
Ethiopia ,Africa ,1962,419.46,40.06,25145372,6.0389681
Ethiopia ,Africa ,1967,516.12,42.12,27860297,6.2463393
Ethiopia ,Africa ,1972,566.24,43.52,30770372,6.3390179
Ethiopia ,Africa ,1977,556.81,44.51,34617799,6.3222241
Ethiopia ,Africa ,1982,577.86,44.92,38111756,6.3593316
Ethiopia ,Africa ,1987,573.74,46.68,42999530,6.3521762
Ethiopia ,Africa ,1992,421.35,48.09,52088559,6.0434637
Ethiopia ,Africa ,1997,515.89,49.4,59861301,6.2458935
Ethiopia ,Africa ,2002,530.05,50.73,67946797,6.2729712
Ethiopia ,Africa ,2007,690.81,52.95,76511887,6.5378647
Finland ,Europe ,1952,6424.52,66.55,4090500,8.7678776
Finland ,Europe ,1957,7545.42,67.49,4324000,8.9286957
Finland ,Europe ,1962,9371.84,68.75,4491443,9.1454649
Finland ,Europe ,1967,10921.64,69.83,4605744,9.298501
Finland ,Europe ,1972,14358.88,70.87,4639657,9.5721235
Finland ,Europe ,1977,15605.42,72.52,4738902,9.6553736
Finland ,Europe ,1982,18533.16,74.55,4826933,9.8273172
Finland ,Europe ,1987,21141.01,74.83,4931729,9.9589701
Finland ,Europe ,1992,20647.16,75.7,5041039,9.9353333
Finland ,Europe ,1997,23723.95,77.13,5134406,10.074241
Finland ,Europe ,2002,28204.59,78.37,5193039,10.24724
Finland ,Europe ,2007,33207.08,79.31,5238460,10.410519
France ,Europe ,1952,7029.81,67.41,42459667,8.8579149
France ,Europe ,1957,8662.83,68.93,44310863,9.0667963
France ,Europe ,1962,10560.49,70.51,47124000,9.2648754
France ,Europe ,1967,12999.92,71.55,49569000,9.4726982
France ,Europe ,1972,16107.19,72.38,51732000,9.6870213
France ,Europe ,1977,18292.64,73.83,53165019,9.8142538
France ,Europe ,1982,20293.9,74.89,54433565,9.9180756
France ,Europe ,1987,22066.44,76.34,55630100,10.001813
France ,Europe ,1992,24703.8,77.46,57374179,10.114713
France ,Europe ,1997,25889.78,78.64,58623428,10.161604
France ,Europe ,2002,28926.03,79.59,59925035,10.272497
France ,Europe ,2007,30470.02,80.66,61083916,10.324498
Gabon ,Africa ,1952,4293.48,37,420702,8.3648529
Gabon ,Africa ,1957,4976.2,39,434904,8.5124216
Gabon ,Africa ,1962,6631.46,40.49,455661,8.7995806
Gabon ,Africa ,1967,8358.76,44.6,489004,9.031065
Gabon ,Africa ,1972,11401.95,48.69,537977,9.3415394
Gabon ,Africa ,1977,21745.57,52.79,706367,9.9871655
Gabon ,Africa ,1982,15113.36,56.56,753874,9.6233339
Gabon ,Africa ,1987,11864.41,60.19,880397,9.3812981
Gabon ,Africa ,1992,13522.16,61.37,985739,9.512085
Gabon ,Africa ,1997,14722.84,60.46,1126189,9.5971556
Gabon ,Africa ,2002,12521.71,56.76,1299304,9.4352188
Gabon ,Africa ,2007,13206.48,56.74,1454867,9.4884624
Gambia ,Africa ,1952,485.23,30,284320,6.1846232
Gambia ,Africa ,1957,520.93,32.07,323150,6.2556157
Gambia ,Africa ,1962,599.65,33.9,374020,6.3963461
Gambia ,Africa ,1967,734.78,35.86,439593,6.5995712
Gambia ,Africa ,1972,756.09,38.31,517101,6.6281605
Gambia ,Africa ,1977,884.76,41.84,608274,6.7853165
Gambia ,Africa ,1982,835.81,45.58,715523,6.7284012
Gambia ,Africa ,1987,611.66,49.27,848406,6.4161768
Gambia ,Africa ,1992,665.62,52.64,1025384,6.5007191
Gambia ,Africa ,1997,653.73,55.86,1235767,6.4826946
Gambia ,Africa ,2002,660.59,58.04,1457766,6.4931335
Gambia ,Africa ,2007,752.75,59.45,1688359,6.623733
Germany ,Europe ,1952,7144.11,67.5,69145952,8.8740435
Germany ,Europe ,1957,10187.83,69.1,71019069,9.2289495
Germany ,Europe ,1962,12902.46,70.3,73739117,9.4651737
Germany ,Europe ,1967,14745.63,70.8,76368453,9.5987024
Germany ,Europe ,1972,18016.18,71,78717088,9.7990255
Germany ,Europe ,1977,20512.92,72.5,78160773,9.9288101
Germany ,Europe ,1982,22031.53,73.8,78335266,10.00023
Germany ,Europe ,1987,24639.19,74.85,77718298,10.112094
Germany ,Europe ,1992,26505.3,76.07,80597764,10.1851
Germany ,Europe ,1997,27788.88,77.34,82011073,10.232391
Germany ,Europe ,2002,30035.8,78.67,82350671,10.310145
Germany ,Europe ,2007,32170.37,79.41,82400996,10.378801
Ghana ,Africa ,1952,911.3,43.15,5581001,6.8148723
Ghana ,Africa ,1957,1043.56,44.78,6391288,6.9503932
Ghana ,Africa ,1962,1190.04,46.45,7355248,7.0817423
Ghana ,Africa ,1967,1125.7,48.07,8490213,7.0261602
Ghana ,Africa ,1972,1178.22,49.88,9354120,7.0717602
Ghana ,Africa ,1977,993.22,51.76,10538093,6.9009523
Ghana ,Africa ,1982,876.03,53.74,11400338,6.7754002
Ghana ,Africa ,1987,847.01,55.73,14168101,6.7417126
Ghana ,Africa ,1992,925.06,57.5,16278738,6.8298588
Ghana ,Africa ,1997,1005.25,58.56,18418288,6.9129915
Ghana ,Africa ,2002,1111.98,58.45,20550751,7.0138974
Ghana ,Africa ,2007,1327.61,60.02,22873338,7.1911354
Greece ,Europe ,1952,3530.69,65.86,7733250,8.1692486
Greece ,Europe ,1957,4916.3,67.86,8096218,8.5003119
Greece ,Europe ,1962,6017.19,69.51,8448233,8.7023754
Greece ,Europe ,1967,8513.1,71,8716441,9.0493612
Greece ,Europe ,1972,12724.83,72.34,8888628,9.4513102
Greece ,Europe ,1977,14195.52,73.68,9308479,9.5606813
Greece ,Europe ,1982,15268.42,75.24,9786480,9.6335421
Greece ,Europe ,1987,16120.53,76.67,9974490,9.687849
Greece ,Europe ,1992,17541.5,77.03,10325429,9.7723246
Greece ,Europe ,1997,18747.7,77.87,10502372,9.8388262
Greece ,Europe ,2002,22514.25,78.26,10603863,10.021904
Greece ,Europe ,2007,27538.41,79.48,10706290,10.223337
Guatemala ,Americas ,1952,2428.24,42.02,3146381,7.7949219
Guatemala ,Americas ,1957,2617.16,44.14,3640876,7.8698449
Guatemala ,Americas ,1962,2750.36,46.95,4208858,7.919487
Guatemala ,Americas ,1967,3242.53,50.02,4690773,8.0841093
Guatemala ,Americas ,1972,4031.41,53.74,5149581,8.3018713
Guatemala ,Americas ,1977,4879.99,56.03,5703430,8.492898
Guatemala ,Americas ,1982,4820.49,58.14,6395630,8.4806309
Guatemala ,Americas ,1987,4246.49,60.78,7326406,8.3538485
Guatemala ,Americas ,1992,4439.45,63.37,8486949,8.3982859
Guatemala ,Americas ,1997,4684.31,66.32,9803875,8.4519739
Guatemala ,Americas ,2002,4858.35,68.98,11178650,8.4884539
Guatemala ,Americas ,2007,5186.05,70.26,12572928,8.5537271
Guinea ,Africa ,1952,510.2,33.61,2664249,6.2348027
Guinea ,Africa ,1957,576.27,34.56,2876726,6.3565764
Guinea ,Africa ,1962,686.37,35.75,3140003,6.5314169
Guinea ,Africa ,1967,708.76,37.2,3451418,6.5635171
Guinea ,Africa ,1972,741.67,38.84,3811387,6.6089044
Guinea ,Africa ,1977,874.69,40.76,4227026,6.7738695
Guinea ,Africa ,1982,857.25,42.89,4710497,6.7537298
Guinea ,Africa ,1987,805.57,45.55,5650262,6.6915503
Guinea ,Africa ,1992,794.35,48.58,6990574,6.6775241
Guinea ,Africa ,1997,869.45,51.46,8048834,6.7678609
Guinea ,Africa ,2002,945.58,53.68,8807818,6.8517985
Guinea ,Africa ,2007,942.65,56.01,9947814,6.8486953
Guinea-Bissau ,Africa ,1952,299.85,32.5,580653,5.7032824
Guinea-Bissau ,Africa ,1957,431.79,33.49,601095,6.0679393
Guinea-Bissau ,Africa ,1962,522.03,34.49,627820,6.2577252
Guinea-Bissau ,Africa ,1967,715.58,35.49,601287,6.5730934
Guinea-Bissau ,Africa ,1972,820.22,36.49,625361,6.7095728
Guinea-Bissau ,Africa ,1977,764.73,37.47,745228,6.639523
Guinea-Bissau ,Africa ,1982,838.12,39.33,825987,6.7311611
Guinea-Bissau ,Africa ,1987,736.42,41.25,927524,6.6018004
Guinea-Bissau ,Africa ,1992,745.54,43.27,1050938,6.6141086
Guinea-Bissau ,Africa ,1997,796.66,44.87,1193708,6.680428
Guinea-Bissau ,Africa ,2002,575.7,45.5,1332459,6.3555865
Guinea-Bissau ,Africa ,2007,579.23,46.39,1472041,6.3616996
Haiti ,Americas ,1952,1840.37,37.58,3201488,7.5177221
Haiti ,Americas ,1957,1726.89,40.7,3507701,7.4540772
Haiti ,Americas ,1962,1796.59,43.59,3880130,7.4936457
Haiti ,Americas ,1967,1452.06,46.24,4318137,7.2807384
Haiti ,Americas ,1972,1654.46,48.04,4698301,7.4112301
Haiti ,Americas ,1977,1874.3,49.92,4908554,7.5359907
Haiti ,Americas ,1982,2011.16,51.46,5198399,7.6064668
Haiti ,Americas ,1987,1823.02,53.64,5756203,7.5082498
Haiti ,Americas ,1992,1456.31,55.09,6326682,7.2836609
Haiti ,Americas ,1997,1341.73,56.67,6913545,7.201715
Haiti ,Americas ,2002,1270.36,58.14,7607651,7.1470556
Haiti ,Americas ,2007,1201.64,60.92,8502814,7.0914426
Honduras ,Americas ,1952,2194.93,41.91,1517453,7.6939054
Honduras ,Americas ,1957,2220.49,44.67,1770390,7.705483
Honduras ,Americas ,1962,2291.16,48.04,2090162,7.7368135
Honduras ,Americas ,1967,2538.27,50.92,2500689,7.8392382
Honduras ,Americas ,1972,2529.84,53.88,2965146,7.8359113
Honduras ,Americas ,1977,3203.21,57.4,3055235,8.071909
Honduras ,Americas ,1982,3121.76,60.91,3669448,8.0461521
Honduras ,Americas ,1987,3023.1,64.49,4372203,8.0140381
Honduras ,Americas ,1992,3081.69,66.4,5077347,8.0332336
Honduras ,Americas ,1997,3160.45,67.66,5867957,8.0584698
Honduras ,Americas ,2002,3099.73,68.57,6677328,8.0390701
Honduras ,Americas ,2007,3548.33,70.2,7483763,8.1742325
"Hong Kong, China ",Asia ,1952,3054.42,60.96,2125900,8.0243454
"Hong Kong, China ",Asia ,1957,3629.08,64.75,2736300,8.1967344
"Hong Kong, China ",Asia ,1962,4692.65,67.65,3305200,8.4537525
"Hong Kong, China ",Asia ,1967,6197.96,70,3722800,8.7319756
"Hong Kong, China ",Asia ,1972,8315.93,72,4115700,9.0259285
"Hong Kong, China ",Asia ,1977,11186.14,73.6,4583700,9.3224306
"Hong Kong, China ",Asia ,1982,14560.53,75.45,5264500,9.5860701
"Hong Kong, China ",Asia ,1987,20038.47,76.2,5584510,9.9054089
"Hong Kong, China ",Asia ,1992,24757.6,77.6,5829696,10.116888
"Hong Kong, China ",Asia ,1997,28377.63,80,6495918,10.253356
"Hong Kong, China ",Asia ,2002,30209.02,81.5,6762476,10.315896
"Hong Kong, China ",Asia ,2007,39724.98,82.21,6980412,10.589735
Hungary ,Europe ,1952,5263.67,64.03,9504000,8.5685835
Hungary ,Europe ,1957,6040.18,66.41,9839000,8.7061892
Hungary ,Europe ,1962,7550.36,67.96,10063000,8.9293509
Hungary ,Europe ,1967,9326.64,69.5,10223422,9.1406298
Hungary ,Europe ,1972,10168.66,69.76,10394091,9.227066
Hungary ,Europe ,1977,11674.84,69.95,10637171,9.3651915
Hungary ,Europe ,1982,12545.99,69.39,10705535,9.4371567
Hungary ,Europe ,1987,12986.48,69.58,10612740,9.4716644
Hungary ,Europe ,1992,10535.63,69.17,10348684,9.2625179
Hungary ,Europe ,1997,11712.78,71.04,10244684,9.3684359
Hungary ,Europe ,2002,14843.94,72.59,10083313,9.6053467
Hungary ,Europe ,2007,18008.94,73.34,9956108,9.798624
Iceland ,Europe ,1952,7267.69,72.49,147962,8.8911934
Iceland ,Europe ,1957,9244,73.47,165110,9.1317301
Iceland ,Europe ,1962,10350.16,73.68,182053,9.2447577
Iceland ,Europe ,1967,13319.9,73.73,198676,9.497014
Iceland ,Europe ,1972,15798.06,74.46,209275,9.6676426
Iceland ,Europe ,1977,19654.96,76.11,221823,9.8860846
Iceland ,Europe ,1982,23269.61,76.99,233997,10.054903
Iceland ,Europe ,1987,26923.21,77.23,244676,10.200744
Iceland ,Europe ,1992,25144.39,78.77,259012,10.13239
Iceland ,Europe ,1997,28061.1,78.95,271192,10.24214
Iceland ,Europe ,2002,31163.2,80.5,288030,10.346993
Iceland ,Europe ,2007,36180.79,81.76,301931,10.496284
India ,Asia ,1952,546.57,37.37,372000000,6.3036623
India ,Asia ,1957,590.06,40.25,409000000,6.3802242
India ,Asia ,1962,658.35,43.61,454000000,6.4897366
India ,Asia ,1967,700.77,47.19,506000000,6.5521798
India ,Asia ,1972,724.03,50.65,567000000,6.5848327
India ,Asia ,1977,813.34,54.21,634000000,6.7011495
India ,Asia ,1982,855.72,56.6,708000000,6.7519431
India ,Asia ,1987,976.51,58.55,788000000,6.883985
India ,Asia ,1992,1164.41,60.22,872000000,7.0599699
India ,Asia ,1997,1458.82,61.77,959000000,7.2853832
India ,Asia ,2002,1746.77,62.88,1034172547,7.4655237
India ,Asia ,2007,2452.21,64.7,1110396331,7.8047447
Indonesia ,Asia ,1952,749.68,37.47,82052000,6.6196465
Indonesia ,Asia ,1957,858.9,39.92,90124000,6.7556524
Indonesia ,Asia ,1962,849.29,42.52,99028000,6.7444005
Indonesia ,Asia ,1967,762.43,45.96,109343000,6.6365108
Indonesia ,Asia ,1972,1111.11,49.2,121282000,7.0131149
Indonesia ,Asia ,1977,1382.7,52.7,136725000,7.2317934
Indonesia ,Asia ,1982,1516.87,56.16,153343000,7.3244042
Indonesia ,Asia ,1987,1748.36,60.14,169276000,7.4664335
Indonesia ,Asia ,1992,2383.14,62.68,184816000,7.7761741
Indonesia ,Asia ,1997,3119.34,66.04,199278000,8.0453768
Indonesia ,Asia ,2002,2873.91,68.59,211060000,7.963429
Indonesia ,Asia ,2007,3540.65,70.65,223547000,8.1720657
Iran ,Asia ,1952,3035.33,44.87,17272000,8.018075
Iran ,Asia ,1957,3290.26,47.18,19792000,8.0987215
Iran ,Asia ,1962,4187.33,49.33,22874000,8.339819
Iran ,Asia ,1967,5906.73,52.47,26538000,8.6838474
Iran ,Asia ,1972,9613.82,55.23,30614000,9.1709566
Iran ,Asia ,1977,11888.6,57.7,35480679,9.3833351
Iran ,Asia ,1982,7608.33,59.62,43072751,8.9369993
Iran ,Asia ,1987,6642.88,63.04,51889696,8.801301
Iran ,Asia ,1992,7235.65,65.74,60397973,8.886775
Iran ,Asia ,1997,8263.59,68.04,63327987,9.0196142
Iran ,Asia ,2002,9240.76,69.45,66907826,9.1313791
Iran ,Asia ,2007,11605.71,70.96,69453570,9.3592529
Iraq ,Asia ,1952,4129.77,45.32,5441766,8.3259773
Iraq ,Asia ,1957,6229.33,48.44,6248643,8.7370243
Iraq ,Asia ,1962,8341.74,51.46,7240260,9.029027
Iraq ,Asia ,1967,8931.46,54.46,8519282,9.0973349
Iraq ,Asia ,1972,9576.04,56.95,10061506,9.1670198
Iraq ,Asia ,1977,14688.24,60.41,11882916,9.5948029
Iraq ,Asia ,1982,14517.91,62.04,14173318,9.5831385
Iraq ,Asia ,1987,11643.57,65.04,16543189,9.3625097
Iraq ,Asia ,1992,3745.64,59.46,17861905,8.2283478
Iraq ,Asia ,1997,3076.24,58.81,20775703,8.0314636
Iraq ,Asia ,2002,4390.72,57.05,24001816,8.387248
Iraq ,Asia ,2007,4471.06,59.55,27499638,8.4053812
Ireland ,Europe ,1952,5210.28,66.91,2952156,8.5583887
Ireland ,Europe ,1957,5599.08,68.9,2878220,8.6303577
Ireland ,Europe ,1962,6631.6,70.29,2830000,8.7996016
Ireland ,Europe ,1967,7655.57,71.08,2900100,8.9431887
Ireland ,Europe ,1972,9530.77,71.28,3024400,9.162281
Ireland ,Europe ,1977,11150.98,72.03,3271900,9.3192825
Ireland ,Europe ,1982,12618.32,73.1,3480000,9.4429054
Ireland ,Europe ,1987,13872.87,74.36,3539900,9.5376902
Ireland ,Europe ,1992,17558.82,75.47,3557761,9.7733116
Ireland ,Europe ,1997,24521.95,76.12,3667233,10.107324
Ireland ,Europe ,2002,34077.05,77.78,3879155,10.436379
Ireland ,Europe ,2007,40676,78.89,4109086,10.613394
Israel ,Asia ,1952,4086.52,65.39,1620914,8.3154488
Israel ,Asia ,1957,5385.28,67.84,1944401,8.5914249
Israel ,Asia ,1962,7105.63,69.39,2310904,8.8686428
Israel ,Asia ,1967,8393.74,70.75,2693585,9.0352411
Israel ,Asia ,1972,12786.93,71.63,3095893,9.4561787
Israel ,Asia ,1977,13306.62,73.06,3495918,9.4960165
Israel ,Asia ,1982,15367.03,74.45,3858421,9.6399794
Israel ,Asia ,1987,17122.48,75.6,4203148,9.748148
Israel ,Asia ,1992,18051.52,76.93,4936550,9.8009853
Israel ,Asia ,1997,20896.61,78.27,5531387,9.9473419
Israel ,Asia ,2002,21905.6,79.7,6029529,9.9944973
Israel ,Asia ,2007,25523.28,80.75,6426679,10.147346
Italy ,Europe ,1952,4931.4,65.94,47666000,8.5033779
Italy ,Europe ,1957,6248.66,67.81,49182000,8.7401228
Italy ,Europe ,1962,8243.58,69.24,50843200,9.01719
Italy ,Europe ,1967,10022.4,71.06,52667100,9.2125778
Italy ,Europe ,1972,12269.27,72.19,54365564,9.4148531
Italy ,Europe ,1977,14255.98,73.48,56059245,9.5649319
Italy ,Europe ,1982,16537.48,74.98,56535636,9.7133846
Italy ,Europe ,1987,19207.23,76.42,56729703,9.8630419
Italy ,Europe ,1992,22013.64,77.44,56840847,9.9994173
Italy ,Europe ,1997,24675.02,78.82,57479469,10.113546
Italy ,Europe ,2002,27968.1,80.24,57926999,10.23882
Italy ,Europe ,2007,28569.72,80.55,58147733,10.260102
Jamaica ,Americas ,1952,2898.53,58.53,1426095,7.9719591
Jamaica ,Americas ,1957,4756.53,62.61,1535090,8.4672737
Jamaica ,Americas ,1962,5246.11,65.61,1665128,8.5652418
Jamaica ,Americas ,1967,6124.7,67.51,1861096,8.7200851
Jamaica ,Americas ,1972,7433.89,69,1997616,8.913805
Jamaica ,Americas ,1977,6650.2,70.11,2156814,8.8024025
Jamaica ,Americas ,1982,6068.05,71.21,2298309,8.7107925
Jamaica ,Americas ,1987,6351.24,71.77,2326606,8.7564049
Jamaica ,Americas ,1992,7404.92,71.77,2378618,8.9098997
Jamaica ,Americas ,1997,7121.92,72.26,2531311,8.8709326
Jamaica ,Americas ,2002,6994.77,72.05,2664659,8.8529177
Jamaica ,Americas ,2007,7320.88,72.57,2780132,8.8984861
Japan ,Asia ,1952,3216.96,63.03,86459025,8.0761919
Japan ,Asia ,1957,4317.69,65.5,91563009,8.3704758
Japan ,Asia ,1962,6576.65,68.73,95831757,8.7912807
Japan ,Asia ,1967,9847.79,71.43,100825279,9.1950026
Japan ,Asia ,1972,14778.79,73.42,107188273,9.6009483
Japan ,Asia ,1977,16610.38,75.38,113872473,9.717783
Japan ,Asia ,1982,19384.11,77.11,118454974,9.8722086
Japan ,Asia ,1987,22375.94,78.67,122091325,10.015741
Japan ,Asia ,1992,26824.9,79.36,124329269,10.197085
Japan ,Asia ,1997,28816.58,80.69,125956499,10.268706
Japan ,Asia ,2002,28604.59,82,127065841,10.261322
Japan ,Asia ,2007,31656.07,82.6,127467972,10.362685
Jordan ,Asia ,1952,1546.91,43.16,607914,7.3440146
Jordan ,Asia ,1957,1886.08,45.67,746559,7.5422559
Jordan ,Asia ,1962,2348.01,48.13,933559,7.7613235
Jordan ,Asia ,1967,2741.8,51.63,1255058,7.9163699
Jordan ,Asia ,1972,2110.86,56.53,1613551,7.654851
Jordan ,Asia ,1977,2852.35,61.13,1937652,7.9558983
Jordan ,Asia ,1982,4161.42,63.74,2347031,8.3336115
Jordan ,Asia ,1987,4448.68,65.87,2820042,8.400363
Jordan ,Asia ,1992,3431.59,68.02,3867409,8.1407785
Jordan ,Asia ,1997,3645.38,69.77,4526235,8.2012157
Jordan ,Asia ,2002,3844.92,71.26,5307470,8.254508
Jordan ,Asia ,2007,4519.46,72.54,6053193,8.4161482
Kenya ,Africa ,1952,853.54,42.27,6464046,6.7493925
Kenya ,Africa ,1957,944.44,44.69,7454779,6.8505921
Kenya ,Africa ,1962,896.97,47.95,8678557,6.7990222
Kenya ,Africa ,1967,1056.74,50.65,10191512,6.962944
Kenya ,Africa ,1972,1222.36,53.56,12044785,7.1085386
Kenya ,Africa ,1977,1267.61,56.16,14500404,7.1448884
Kenya ,Africa ,1982,1348.23,58.77,17661452,7.2065477
Kenya ,Africa ,1987,1361.94,59.34,21198082,7.2166653
Kenya ,Africa ,1992,1341.92,59.29,25020539,7.2018566
Kenya ,Africa ,1997,1360.49,54.41,28263827,7.2156
Kenya ,Africa ,2002,1287.51,50.99,31386842,7.1604652
Kenya ,Africa ,2007,1463.25,54.11,35610177,7.2884154
"Korea, Dem. Rep. ",Asia ,1952,1088.28,50.06,8865488,6.9923539
"Korea, Dem. Rep. ",Asia ,1957,1571.13,54.08,9411381,7.3595505
"Korea, Dem. Rep. ",Asia ,1962,1621.69,56.66,10917494,7.3912239
"Korea, Dem. Rep. ",Asia ,1967,2143.54,59.94,12617009,7.6702142
"Korea, Dem. Rep. ",Asia ,1972,3701.62,63.98,14781241,8.216526
"Korea, Dem. Rep. ",Asia ,1977,4106.3,67.16,16325320,8.3202772
"Korea, Dem. Rep. ",Asia ,1982,4106.53,69.1,17647518,8.3203335
"Korea, Dem. Rep. ",Asia ,1987,4106.49,70.65,19067554,8.3203239
"Korea, Dem. Rep. ",Asia ,1992,3726.06,69.98,20711375,8.2231064
"Korea, Dem. Rep. ",Asia ,1997,1690.76,67.73,21585105,7.4329333
"Korea, Dem. Rep. ",Asia ,2002,1646.76,66.66,22215365,7.4065652
"Korea, Dem. Rep. ",Asia ,2007,1593.07,67.3,23301725,7.3734183
"Korea, Rep. ",Asia ,1952,1030.59,47.45,20947571,6.9378867
"Korea, Rep. ",Asia ,1957,1487.59,52.68,22611552,7.3049126
"Korea, Rep. ",Asia ,1962,1536.34,55.29,26420307,7.3371582
"Korea, Rep. ",Asia ,1967,2029.23,57.72,30131000,7.6154118
"Korea, Rep. ",Asia ,1972,3030.88,62.61,33505000,8.0166082
"Korea, Rep. ",Asia ,1977,4657.22,64.77,36436000,8.4461737
"Korea, Rep. ",Asia ,1982,5622.94,67.12,39326000,8.6346102
"Korea, Rep. ",Asia ,1987,8533.09,69.81,41622000,9.0517073
"Korea, Rep. ",Asia ,1992,12104.28,72.24,43805450,9.4013147
"Korea, Rep. ",Asia ,1997,15993.53,74.65,46173816,9.6799393
"Korea, Rep. ",Asia ,2002,19233.99,77.05,47969150,9.8644342
"Korea, Rep. ",Asia ,2007,23348.14,78.62,49044790,10.058272
Kuwait ,Asia ,1952,108382.35,55.57,160000,11.593421
Kuwait ,Asia ,1957,113523.13,58.03,212846,11.639762
Kuwait ,Asia ,1962,95458.11,60.47,358266,11.466443
Kuwait ,Asia ,1967,80894.88,64.62,575003,11.300906
Kuwait ,Asia ,1972,109347.87,67.71,841934,11.602289
Kuwait ,Asia ,1977,59265.48,69.34,1140357,10.989782
Kuwait ,Asia ,1982,31354.04,71.31,1497494,10.353099
Kuwait ,Asia ,1987,28118.43,74.17,1891487,10.244181
Kuwait ,Asia ,1992,34932.92,75.19,1418095,10.461185
Kuwait ,Asia ,1997,40300.62,76.16,1765345,10.604122
Kuwait ,Asia ,2002,35110.11,76.9,2111561,10.466245
Kuwait ,Asia ,2007,47306.99,77.59,2505559,10.764413
Lebanon ,Asia ,1952,4834.8,55.93,1439529,8.4835949
Lebanon ,Asia ,1957,6089.79,59.49,1647412,8.7143688
Lebanon ,Asia ,1962,5714.56,62.09,1886848,8.650773
Lebanon ,Asia ,1967,6006.98,63.87,2186894,8.7006779
Lebanon ,Asia ,1972,7486.38,65.42,2680018,8.9208403
Lebanon ,Asia ,1977,8659.7,66.1,3115787,9.0664358
Lebanon ,Asia ,1982,7640.52,66.98,3086876,8.9412212
Lebanon ,Asia ,1987,5377.09,67.93,3089353,8.5899029
Lebanon ,Asia ,1992,6890.81,69.29,3219994,8.837944
Lebanon ,Asia ,1997,8754.96,70.27,3430388,9.0773754
Lebanon ,Asia ,2002,9313.94,71.03,3677780,9.1392679
Lebanon ,Asia ,2007,10461.06,71.99,3921278,9.255415
Lesotho ,Africa ,1952,298.85,42.14,748747,5.6999416
Lesotho ,Africa ,1957,336,45.05,813338,5.817111
Lesotho ,Africa ,1962,411.8,47.75,893143,6.0205379
Lesotho ,Africa ,1967,498.64,48.49,996380,6.2118845
Lesotho ,Africa ,1972,496.58,49.77,1116779,6.2077446
Lesotho ,Africa ,1977,745.37,52.21,1251524,6.6138806
Lesotho ,Africa ,1982,797.26,55.08,1411807,6.681181
Lesotho ,Africa ,1987,773.99,57.18,1599200,6.6515589
Lesotho ,Africa ,1992,977.49,59.69,1803195,6.8849878
Lesotho ,Africa ,1997,1186.15,55.56,1982823,7.0784678
Lesotho ,Africa ,2002,1275.18,44.59,2046772,7.1508427
Lesotho ,Africa ,2007,1569.33,42.59,2012649,7.3584042
Liberia ,Africa ,1952,575.57,38.48,863308,6.355361
Liberia ,Africa ,1957,620.97,39.49,975950,6.431283
Liberia ,Africa ,1962,634.2,40.5,1112796,6.4523644
Liberia ,Africa ,1967,713.6,41.54,1279406,6.5703225
Liberia ,Africa ,1972,803.01,42.61,1482628,6.6883674
Liberia ,Africa ,1977,640.32,43.76,1703617,6.4619679
Liberia ,Africa ,1982,572.2,44.85,1956875,6.3494887
Liberia ,Africa ,1987,506.11,46.03,2269414,6.2267542
Liberia ,Africa ,1992,636.62,40.8,1912974,6.4561729
Liberia ,Africa ,1997,609.17,42.22,2200725,6.4120975
Liberia ,Africa ,2002,531.48,43.75,2814651,6.2756658
Liberia ,Africa ,2007,414.51,45.68,3193942,6.0270972
Libya ,Africa ,1952,2387.55,42.72,1019729,7.7780232
Libya ,Africa ,1957,3448.28,45.29,1201578,8.1456308
Libya ,Africa ,1962,6757.03,47.81,1441863,8.8183384
Libya ,Africa ,1967,18772.75,50.23,1759224,9.8401613
Libya ,Africa ,1972,21011.5,52.77,2183877,9.9528255
Libya ,Africa ,1977,21951.21,57.44,2721783,9.9965773
Libya ,Africa ,1982,17364.28,62.16,3344074,9.7621708
Libya ,Africa ,1987,11770.59,66.23,3799845,9.3733597
Libya ,Africa ,1992,9640.14,68.76,4364501,9.1736908
Libya ,Africa ,1997,9467.45,71.56,4759670,9.1556149
Libya ,Africa ,2002,9534.68,72.74,5368585,9.1626911
Libya ,Africa ,2007,12057.5,73.95,6036914,9.3974419
Madagascar ,Africa ,1952,1443.01,36.68,4762912,7.2744865
Madagascar ,Africa ,1957,1589.2,38.87,5181679,7.370986
Madagascar ,Africa ,1962,1643.39,40.85,5703324,7.4045167
Madagascar ,Africa ,1967,1634.05,42.88,6334556,7.3988171
Madagascar ,Africa ,1972,1748.56,44.85,7082430,7.466548
Madagascar ,Africa ,1977,1544.23,46.88,8007166,7.3422809
Madagascar ,Africa ,1982,1302.88,48.97,9171477,7.1723323
Madagascar ,Africa ,1987,1155.44,49.35,10568642,7.0522366
Madagascar ,Africa ,1992,1040.68,52.21,12210395,6.9476295
Madagascar ,Africa ,1997,986.3,54.98,14165114,6.8939605
Madagascar ,Africa ,2002,894.64,57.29,16473477,6.7964215
Madagascar ,Africa ,2007,1044.77,59.44,19167654,6.9515519
Malawi ,Africa ,1952,369.17,36.26,2917802,5.9112573
Malawi ,Africa ,1957,416.37,37.21,3221238,6.0315742
Malawi ,Africa ,1962,427.9,38.41,3628608,6.0588894
Malawi ,Africa ,1967,495.51,39.49,4147252,6.2055874
Malawi ,Africa ,1972,584.62,41.77,4730997,6.3709621
Malawi ,Africa ,1977,663.22,43.77,5637246,6.4971066
Malawi ,Africa ,1982,632.8,45.64,6502825,6.4501543
Malawi ,Africa ,1987,635.52,47.46,7824747,6.4544435
Malawi ,Africa ,1992,563.2,49.42,10014249,6.3336349
Malawi ,Africa ,1997,692.28,47.5,10419991,6.5399904
Malawi ,Africa ,2002,665.42,45.01,11824495,6.5004182
Malawi ,Africa ,2007,759.35,48.3,13327079,6.632463
Malaysia ,Asia ,1952,1831.13,48.46,6748378,7.5126886
Malaysia ,Asia ,1957,1810.07,52.1,7739235,7.5011206
Malaysia ,Asia ,1962,2036.88,55.74,8906385,7.6191745
Malaysia ,Asia ,1967,2277.74,59.37,10154878,7.7309389
Malaysia ,Asia ,1972,2849.09,63.01,11441462,7.9547548
Malaysia ,Asia ,1977,3827.92,65.26,12845381,8.2500772
Malaysia ,Asia ,1982,4920.36,68,14441916,8.5011368
Malaysia ,Asia ,1987,5249.8,69.5,16331785,8.5659456
Malaysia ,Asia ,1992,7277.91,70.69,18319502,8.8925991
Malaysia ,Asia ,1997,10132.91,71.94,20476091,9.2235441
Malaysia ,Asia ,2002,10206.98,73.04,22662365,9.2308273
Malaysia ,Asia ,2007,12451.66,74.24,24821286,9.4296093
Mali ,Africa ,1952,452.34,33.69,3838168,6.1144342
Mali ,Africa ,1957,490.38,35.31,4241884,6.1951804
Mali ,Africa ,1962,496.17,36.94,4690372,6.2069187
Mali ,Africa ,1967,545.01,38.49,5212416,6.3008041
Mali ,Africa ,1972,581.37,39.98,5828158,6.3653874
Mali ,Africa ,1977,686.4,41.71,6491649,6.5314608
Mali ,Africa ,1982,618.01,43.92,6998256,6.4265046
Mali ,Africa ,1987,684.17,46.36,7634008,6.5282063
Mali ,Africa ,1992,739.01,48.39,8416215,6.6053114
Mali ,Africa ,1997,790.26,49.9,9384984,6.6723619
Mali ,Africa ,2002,951.41,51.82,10580176,6.857945
Mali ,Africa ,2007,1042.58,54.47,12031795,6.9494538
Mauritania ,Africa ,1952,743.12,40.54,1022556,6.6108575
Mauritania ,Africa ,1957,846.12,42.34,1076852,6.7406611
Mauritania ,Africa ,1962,1055.9,44.25,1146757,6.9621487
Mauritania ,Africa ,1967,1421.15,46.29,1230542,7.2592216
Mauritania ,Africa ,1972,1586.85,48.44,1332786,7.3695064
Mauritania ,Africa ,1977,1497.49,50.85,1456688,7.3115458
Mauritania ,Africa ,1982,1481.15,53.6,1622136,7.3005743
Mauritania ,Africa ,1987,1421.6,56.15,1841240,7.2595382
Mauritania ,Africa ,1992,1361.37,58.33,2119465,7.2162466
Mauritania ,Africa ,1997,1483.14,60.43,2444741,7.3019166
Mauritania ,Africa ,2002,1579.02,62.25,2828858,7.3645597
Mauritania ,Africa ,2007,1803.15,64.16,3270065,7.4972906
Mauritius ,Africa ,1952,1967.96,50.99,516556,7.5847526
Mauritius ,Africa ,1957,2034.04,58.09,609816,7.6177793
Mauritius ,Africa ,1962,2529.07,60.25,701016,7.8356071
Mauritius ,Africa ,1967,2475.39,61.56,789309,7.8141532
Mauritius ,Africa ,1972,2575.48,62.94,851334,7.8537912
Mauritius ,Africa ,1977,3710.98,64.93,913025,8.2190514
Mauritius ,Africa ,1982,3688.04,66.71,992040,8.2128506
Mauritius ,Africa ,1987,4783.59,68.74,1042663,8.4729462
Mauritius ,Africa ,1992,6058.25,69.75,1096202,8.7091761
Mauritius ,Africa ,1997,7425.71,70.74,1149818,8.9127035
Mauritius ,Africa ,2002,9021.82,71.95,1200206,9.1074009
Mauritius ,Africa ,2007,10956.99,72.8,1250882,9.301733
Mexico ,Americas ,1952,3478.13,50.79,30144317,8.1542501
Mexico ,Americas ,1957,4131.55,55.19,35015548,8.3264084
Mexico ,Americas ,1962,4581.61,58.3,41121485,8.4298058
Mexico ,Americas ,1967,5754.73,60.11,47995559,8.6577778
Mexico ,Americas ,1972,6809.41,62.36,55984294,8.8260603
Mexico ,Americas ,1977,7674.93,65.03,63759976,8.945714
Mexico ,Americas ,1982,9611.15,67.41,71640904,9.1706791
Mexico ,Americas ,1987,8688.16,69.5,80122492,9.0697165
Mexico ,Americas ,1992,9472.38,71.46,88111030,9.1561356
Mexico ,Americas ,1997,9767.3,73.67,95895146,9.1867952
Mexico ,Americas ,2002,10742.44,74.9,102479927,9.2819576
Mexico ,Americas ,2007,11977.57,76.2,108700891,9.3907909
Mongolia ,Asia ,1952,786.57,42.24,800663,6.6676817
Mongolia ,Asia ,1957,912.66,45.25,882134,6.8163633
Mongolia ,Asia ,1962,1056.35,48.25,1010280,6.962575
Mongolia ,Asia ,1967,1226.04,51.25,1149500,7.1115446
Mongolia ,Asia ,1972,1421.74,53.75,1320500,7.2596369
Mongolia ,Asia ,1977,1647.51,55.49,1528000,7.4070206
Mongolia ,Asia ,1982,2000.6,57.49,1756032,7.6012025
Mongolia ,Asia ,1987,2338.01,60.22,2015133,7.7570553
Mongolia ,Asia ,1992,1785.4,61.27,2312802,7.4873977
Mongolia ,Asia ,1997,1902.25,63.63,2494803,7.5507927
Mongolia ,Asia ,2002,2140.74,65.03,2674234,7.6689067
Mongolia ,Asia ,2007,3095.77,66.8,2874127,8.0377922
Montenegro ,Europe ,1952,2647.59,59.16,413834,7.8814049
Montenegro ,Europe ,1957,3682.26,61.45,442829,8.2112818
Montenegro ,Europe ,1962,4649.59,63.73,474528,8.4445343
Montenegro ,Europe ,1967,5907.85,67.18,501035,8.6840372
Montenegro ,Europe ,1972,7778.41,70.64,527678,8.9591074
Montenegro ,Europe ,1977,9595.93,73.07,560073,9.1690941
Montenegro ,Europe ,1982,11222.59,74.1,562548,9.3256836
Montenegro ,Europe ,1987,11732.51,74.87,569473,9.3701191
Montenegro ,Europe ,1992,7003.34,75.44,621621,8.8541422
Montenegro ,Europe ,1997,6465.61,75.45,692651,8.7742529
Montenegro ,Europe ,2002,6557.19,73.98,720230,8.7883177
Montenegro ,Europe ,2007,9253.9,74.54,684736,9.1328001
Morocco ,Africa ,1952,1688.2,42.87,9939217,7.4314179
Morocco ,Africa ,1957,1642,45.42,11406350,7.4036703
Morocco ,Africa ,1962,1566.35,47.92,13056604,7.3565035
Morocco ,Africa ,1967,1711.04,50.34,14770296,7.4448566
Morocco ,Africa ,1972,1930.19,52.86,16660670,7.5653739
Morocco ,Africa ,1977,2370.62,55.73,18396941,7.7709069
Morocco ,Africa ,1982,2702.62,59.65,20198730,7.9019771
Morocco ,Africa ,1987,2755.05,62.68,22987397,7.9211907
Morocco ,Africa ,1992,2948.05,65.39,25798239,7.9888992
Morocco ,Africa ,1997,2982.1,67.66,28529501,8.0003834
Morocco ,Africa ,2002,3258.5,69.62,31167783,8.0890226
Morocco ,Africa ,2007,3820.18,71.16,33757175,8.2480526
Mozambique ,Africa ,1952,468.53,31.29,6446316,6.1496
Mozambique ,Africa ,1957,495.59,33.78,7038035,6.205749
Mozambique ,Africa ,1962,556.69,36.16,7788944,6.3220086
Mozambique ,Africa ,1967,566.67,38.11,8680909,6.339777
Mozambique ,Africa ,1972,724.92,40.33,9809596,6.5860615
Mozambique ,Africa ,1977,502.32,42.5,11127868,6.2192373
Mozambique ,Africa ,1982,462.21,42.8,12587223,6.1360192
Mozambique ,Africa ,1987,389.88,42.86,12891952,5.9658389
Mozambique ,Africa ,1992,410.9,44.28,13160731,6.0183496
Mozambique ,Africa ,1997,472.35,46.34,16603334,6.1577201
Mozambique ,Africa ,2002,633.62,44.03,18473780,6.4514494
Mozambique ,Africa ,2007,823.69,42.08,19951656,6.7137942
Myanmar ,Asia ,1952,331,36.32,20092996,5.8021183
Myanmar ,Asia ,1957,350,41.91,21731844,5.857933
Myanmar ,Asia ,1962,388,45.11,23634436,5.9610052
Myanmar ,Asia ,1967,349,49.38,25870271,5.855072
Myanmar ,Asia ,1972,357,53.07,28466390,5.8777356
Myanmar ,Asia ,1977,371,56.06,31528087,5.9162021
Myanmar ,Asia ,1982,424,58.06,34680442,6.0497336
Myanmar ,Asia ,1987,385,58.34,38028578,5.9532433
Myanmar ,Asia ,1992,347,59.32,40546538,5.8493247
Myanmar ,Asia ,1997,415,60.33,43247867,6.0282784
Myanmar ,Asia ,2002,611,59.91,45598081,6.4150968
Myanmar ,Asia ,2007,944,62.07,47761980,6.8501263
Namibia ,Africa ,1952,2423.78,41.73,485831,7.7930837
Namibia ,Africa ,1957,2621.45,45.23,548080,7.8714828
Namibia ,Africa ,1962,3173.22,48.39,621392,8.0625019
Namibia ,Africa ,1967,3793.69,51.16,706640,8.2410946
Namibia ,Africa ,1972,3746.08,53.87,821782,8.2284651
Namibia ,Africa ,1977,3876.49,56.44,977026,8.2626858
Namibia ,Africa ,1982,4191.1,58.97,1099010,8.3407183
Namibia ,Africa ,1987,3693.73,60.84,1278184,8.2143917
Namibia ,Africa ,1992,3804.54,62,1554253,8.2439508
Namibia ,Africa ,1997,3899.52,58.91,1774766,8.268609
Namibia ,Africa ,2002,4072.32,51.48,1972153,8.3119678
Namibia ,Africa ,2007,4811.06,52.91,2055080,8.478673
Nepal ,Asia ,1952,545.87,36.16,9182536,6.302381
Nepal ,Asia ,1957,597.94,37.69,9682338,6.3934903
Nepal ,Asia ,1962,652.4,39.39,10332057,6.4806581
Nepal ,Asia ,1967,676.44,41.47,11261690,6.5168438
Nepal ,Asia ,1972,674.79,43.97,12412593,6.5144014
Nepal ,Asia ,1977,694.11,46.75,13933198,6.5426307
Nepal ,Asia ,1982,718.37,49.59,15796314,6.5769849
Nepal ,Asia ,1987,775.63,52.54,17917180,6.6536756
Nepal ,Asia ,1992,897.74,55.73,20326209,6.7998805
Nepal ,Asia ,1997,1010.89,59.43,23001113,6.9185863
Nepal ,Asia ,2002,1057.21,61.34,25873917,6.9633884
Nepal ,Asia ,2007,1091.36,63.79,28901790,6.9951801
Netherlands ,Europe ,1952,8941.57,72.13,10381988,9.0984669
Netherlands ,Europe ,1957,11276.19,72.99,11026383,9.3304491
Netherlands ,Europe ,1962,12790.85,73.23,11805689,9.4564857
Netherlands ,Europe ,1967,15363.25,73.82,12596822,9.6397333
Netherlands ,Europe ,1972,18794.75,73.75,13329874,9.8413324
Netherlands ,Europe ,1977,21209.06,75.24,13852989,9.962184
Netherlands ,Europe ,1982,21399.46,76.05,14310401,9.9711208
Netherlands ,Europe ,1987,23651.32,76.83,14665278,10.071175
Netherlands ,Europe ,1992,26790.95,77.42,15174244,10.19582
Netherlands ,Europe ,1997,30246.13,78.03,15604464,10.317123
Netherlands ,Europe ,2002,33724.76,78.53,16122830,10.425987
Netherlands ,Europe ,2007,36797.93,79.76,16570613,10.513197
New Zealand ,Oceania ,1952,10556.58,69.39,1994794,9.2645044
New Zealand ,Oceania ,1957,12247.4,70.26,2229407,9.4130688
New Zealand ,Oceania ,1962,13175.68,71.24,2488550,9.4861279
New Zealand ,Oceania ,1967,14463.92,71.52,2728150,9.5794125
New Zealand ,Oceania ,1972,16046.04,71.89,2929100,9.683217
New Zealand ,Oceania ,1977,16233.72,72.22,3164900,9.6948462
New Zealand ,Oceania ,1982,17632.41,73.84,3210650,9.7774944
New Zealand ,Oceania ,1987,19007.19,74.32,3317166,9.8525724
New Zealand ,Oceania ,1992,18363.32,76.33,3437674,9.8181105
New Zealand ,Oceania ,1997,21050.41,77.55,3676187,9.9546757
New Zealand ,Oceania ,2002,23189.8,79.11,3908037,10.051468
New Zealand ,Oceania ,2007,25185.01,80.2,4115771,10.134005
Nicaragua ,Americas ,1952,3112.36,42.31,1165790,8.0431366
Nicaragua ,Americas ,1957,3457.42,45.43,1358828,8.1482782
Nicaragua ,Americas ,1962,3634.36,48.63,1590597,8.1981888
Nicaragua ,Americas ,1967,4643.39,51.88,1865490,8.4432001
Nicaragua ,Americas ,1972,4688.59,55.15,2182908,8.4528875
Nicaragua ,Americas ,1977,5486.37,57.47,2554598,8.6100225
Nicaragua ,Americas ,1982,3470.34,59.3,2979423,8.1520081
Nicaragua ,Americas ,1987,2955.98,62.01,3344353,7.9915857
Nicaragua ,Americas ,1992,2170.15,65.84,4017939,7.6825514
Nicaragua ,Americas ,1997,2253.02,68.43,4609572,7.720027
Nicaragua ,Americas ,2002,2474.55,70.84,5146848,7.8138137
Nicaragua ,Americas ,2007,2749.32,72.9,5675356,7.9191089
Niger ,Africa ,1952,761.88,37.44,3379468,6.6357889
Niger ,Africa ,1957,835.52,38.6,3692184,6.7280545
Niger ,Africa ,1962,997.77,39.49,4076008,6.9055228
Niger ,Africa ,1967,1054.38,40.12,4534062,6.9607081
Niger ,Africa ,1972,954.21,40.55,5060262,6.8608837
Niger ,Africa ,1977,808.9,41.29,5682086,6.6956754
Niger ,Africa ,1982,909.72,42.6,6437188,6.8131371
Niger ,Africa ,1987,668.3,44.56,7332638,6.5047374
Niger ,Africa ,1992,581.18,47.39,8392818,6.3650603
Niger ,Africa ,1997,580.31,51.31,9666252,6.3635626
Niger ,Africa ,2002,601.07,54.5,11140655,6.3987112
Niger ,Africa ,2007,619.68,56.87,12894865,6.429203
Nigeria ,Africa ,1952,1077.28,36.32,33119096,6.9821944
Nigeria ,Africa ,1957,1100.59,37.8,37173340,7.0036016
Nigeria ,Africa ,1962,1150.93,39.36,41871351,7.0483255
Nigeria ,Africa ,1967,1014.51,41.04,47287752,6.9221611
Nigeria ,Africa ,1972,1698.39,42.82,53740085,7.4374361
Nigeria ,Africa ,1977,1981.95,44.51,62209173,7.5918365
Nigeria ,Africa ,1982,1576.97,45.83,73039376,7.3632607
Nigeria ,Africa ,1987,1385.03,46.89,81551520,7.2334771
Nigeria ,Africa ,1992,1619.85,47.47,93364244,7.390089
Nigeria ,Africa ,1997,1624.94,47.46,106207839,7.3932261
Nigeria ,Africa ,2002,1615.29,46.61,119901274,7.38727
Nigeria ,Africa ,2007,2013.98,46.86,135031164,7.6078682
Norway ,Europe ,1952,10095.42,72.67,3327728,9.2198372
Norway ,Europe ,1957,11653.97,73.44,3491938,9.3634024
Norway ,Europe ,1962,13450.4,73.47,3638919,9.5067644
Norway ,Europe ,1967,16361.88,74.08,3786019,9.7027092
Norway ,Europe ,1972,18965.06,74.34,3933004,9.8503532
Norway ,Europe ,1977,23311.35,75.37,4043205,10.056696
Norway ,Europe ,1982,26298.64,75.97,4114787,10.177273
Norway ,Europe ,1987,31540.97,75.89,4186147,10.359042
Norway ,Europe ,1992,33965.66,77.32,4286357,10.433105
Norway ,Europe ,1997,41283.16,78.32,4405672,10.62821
Norway ,Europe ,2002,44683.98,79.05,4535591,10.707371
Norway ,Europe ,2007,49357.19,80.2,4627926,10.806839
Oman ,Asia ,1952,1828.23,37.58,507833,7.5111036
Oman ,Asia ,1957,2242.75,40.08,561977,7.7154579
Oman ,Asia ,1962,2924.64,43.17,628164,7.9809265
Oman ,Asia ,1967,4720.94,46.99,714775,8.4597635
Oman ,Asia ,1972,10618.04,52.14,829050,9.2703094
Oman ,Asia ,1977,11848.34,57.37,1004533,9.3799429
Oman ,Asia ,1982,12954.79,62.73,1301048,9.4692211
Oman ,Asia ,1987,18115.22,67.73,1593882,9.8045082
Oman ,Asia ,1992,18616.71,71.2,1915208,9.8318148
Oman ,Asia ,1997,19702.06,72.5,2283635,9.8884783
Oman ,Asia ,2002,19774.84,74.19,2713462,9.8921661
Oman ,Asia ,2007,22316.19,75.64,3204897,10.013067
Pakistan ,Asia ,1952,684.6,43.44,41346560,6.5288348
Pakistan ,Asia ,1957,747.08,45.56,46679944,6.6161723
Pakistan ,Asia ,1962,803.34,47.67,53100671,6.6887779
Pakistan ,Asia ,1967,942.41,49.8,60641899,6.8484406
Pakistan ,Asia ,1972,1049.94,51.93,69325921,6.9564881
Pakistan ,Asia ,1977,1175.92,54.04,78152686,7.0698061
Pakistan ,Asia ,1982,1443.43,56.16,91462088,7.2747774
Pakistan ,Asia ,1987,1704.69,58.25,105186881,7.4411387
Pakistan ,Asia ,1992,1971.83,60.84,120065004,7.5867171
Pakistan ,Asia ,1997,2049.35,61.82,135564834,7.625278
Pakistan ,Asia ,2002,2092.71,63.61,153403524,7.646215
Pakistan ,Asia ,2007,2605.95,65.48,169270617,7.8655524
Panama ,Americas ,1952,2480.38,55.19,940080,7.8161669
Panama ,Americas ,1957,2961.8,59.2,1063506,7.9935527
Panama ,Americas ,1962,3536.54,61.82,1215725,8.1709042
Panama ,Americas ,1967,4421.01,64.07,1405486,8.3941231
Panama ,Americas ,1972,5364.25,66.22,1616384,8.587512
Panama ,Americas ,1977,5351.91,68.68,1839782,8.5852089
Panama ,Americas ,1982,7009.6,70.47,2036305,8.8550358
Panama ,Americas ,1987,7034.78,71.52,2253639,8.8586216
Panama ,Americas ,1992,6618.74,72.46,2484997,8.7976599
Panama ,Americas ,1997,7113.69,73.74,2734531,8.8697767
Panama ,Americas ,2002,7356.03,74.71,2990875,8.9032755
Panama ,Americas ,2007,9809.19,75.54,3242173,9.1910753
Paraguay ,Americas ,1952,1952.31,62.65,1555876,7.5767684
Paraguay ,Americas ,1957,2046.15,63.2,1770902,7.6237154
Paraguay ,Americas ,1962,2148.03,64.36,2009813,7.6723065
Paraguay ,Americas ,1967,2299.38,64.95,2287985,7.7403946
Paraguay ,Americas ,1972,2523.34,65.82,2614104,7.8333387
Paraguay ,Americas ,1977,3248.37,66.35,2984494,8.0859089
Paraguay ,Americas ,1982,4258.5,66.87,3366439,8.3566723
Paraguay ,Americas ,1987,3998.88,67.38,3886512,8.2937698
Paraguay ,Americas ,1992,4196.41,68.23,4483945,8.3419847
Paraguay ,Americas ,1997,4247.4,69.4,5154123,8.3540621
Paraguay ,Americas ,2002,3783.67,70.76,5884491,8.2384501
Paraguay ,Americas ,2007,4172.84,71.75,6667147,8.3363523
Peru ,Americas ,1952,3758.52,43.9,8025700,8.231781
Peru ,Americas ,1957,4245.26,46.26,9146100,8.3535585
Peru ,Americas ,1962,4957.04,49.1,10516500,8.508564
Peru ,Americas ,1967,5788.09,51.45,12132200,8.663558
Peru ,Americas ,1972,5937.83,55.45,13954700,8.6890993
Peru ,Americas ,1977,6281.29,58.45,15990099,8.7453308
Peru ,Americas ,1982,6434.5,61.41,18125129,8.7694292
Peru ,Americas ,1987,6360.94,64.13,20195924,8.7579317
Peru ,Americas ,1992,4446.38,66.46,22430449,8.3998451
Peru ,Americas ,1997,5838.35,68.39,24748122,8.6722031
Peru ,Americas ,2002,5909.02,69.91,26769436,8.6842356
Peru ,Americas ,2007,7408.91,71.42,28674757,8.9104385
Philippines ,Asia ,1952,1272.88,47.75,22438691,7.1490374
Philippines ,Asia ,1957,1547.94,51.33,26072194,7.3446803
Philippines ,Asia ,1962,1649.55,54.76,30325264,7.408258
Philippines ,Asia ,1967,1814.13,56.39,35356600,7.5033612
Philippines ,Asia ,1972,1989.37,58.07,40850141,7.5955734
Philippines ,Asia ,1977,2373.2,60.06,46850962,7.7719946
Philippines ,Asia ,1982,2603.27,62.08,53456774,7.8645234
Philippines ,Asia ,1987,2189.63,64.15,60017788,7.6914878
Philippines ,Asia ,1992,2279.32,66.46,67185766,7.7316322
Philippines ,Asia ,1997,2536.53,68.56,75012988,7.8385525
Philippines ,Asia ,2002,2650.92,70.3,82995088,7.8826618
Philippines ,Asia ,2007,3190.48,71.69,91077287,8.0679264
Poland ,Europe ,1952,4029.33,61.31,25730551,8.3013554
Poland ,Europe ,1957,4734.25,65.77,28235346,8.4625788
Poland ,Europe ,1962,5338.75,67.64,30329617,8.5827465
Poland ,Europe ,1967,6557.15,69.61,31785378,8.788311
Poland ,Europe ,1972,8006.51,70.85,33039545,8.9880104
Poland ,Europe ,1977,9508.14,70.67,34621254,9.1599035
Poland ,Europe ,1982,8451.53,71.32,36227381,9.0421028
Poland ,Europe ,1987,9082.35,70.98,37740710,9.1140881
Poland ,Europe ,1992,7738.88,70.99,38370697,8.9540119
Poland ,Europe ,1997,10159.58,72.75,38654957,9.2261724
Poland ,Europe ,2002,12002.24,74.67,38625976,9.392849
Poland ,Europe ,2007,15389.92,75.56,38518241,9.641468
Portugal ,Europe ,1952,3068.32,59.82,8526050,8.0288858
Portugal ,Europe ,1957,3774.57,61.51,8817650,8.236042
Portugal ,Europe ,1962,4727.95,64.39,9019800,8.4612474
Portugal ,Europe ,1967,6361.52,66.6,9103000,8.7580223
Portugal ,Europe ,1972,9022.25,69.26,8970450,9.1074486
Portugal ,Europe ,1977,10172.49,70.41,9662600,9.2274427
Portugal ,Europe ,1982,11753.84,72.77,9859650,9.3719349
Portugal ,Europe ,1987,13039.31,74.06,9915289,9.4757242
Portugal ,Europe ,1992,16207.27,74.86,9927680,9.6932154
Portugal ,Europe ,1997,17641.03,75.97,10156415,9.7779827
Portugal ,Europe ,2002,19970.91,77.29,10433867,9.9020319
Portugal ,Europe ,2007,20509.65,78.1,10642836,9.9286509
Puerto Rico ,Americas ,1952,3081.96,64.28,2227000,8.0333214
Puerto Rico ,Americas ,1957,3907.16,68.54,2260000,8.270566
Puerto Rico ,Americas ,1962,5108.34,69.62,2448046,8.5386295
Puerto Rico ,Americas ,1967,6929.28,71.1,2648961,8.8435116
Puerto Rico ,Americas ,1972,9123.04,72.16,2847132,9.1185579
Puerto Rico ,Americas ,1977,9770.52,73.44,3080828,9.1871252
Puerto Rico ,Americas ,1982,10330.99,73.75,3279001,9.2429037
Puerto Rico ,Americas ,1987,12281.34,74.63,3444468,9.4158363
Puerto Rico ,Americas ,1992,14641.59,73.91,3585176,9.5916214
Puerto Rico ,Americas ,1997,16999.43,74.92,3759430,9.7409353
Puerto Rico ,Americas ,2002,18855.61,77.78,3859606,9.8445654
Puerto Rico ,Americas ,2007,19328.71,78.75,3942491,9.8693466
Reunion ,Africa ,1952,2718.89,52.72,257700,7.907979
Reunion ,Africa ,1957,2769.45,55.09,308700,7.926404
Reunion ,Africa ,1962,3173.72,57.67,358900,8.0626593
Reunion ,Africa ,1967,4021.18,60.54,414024,8.2993307
Reunion ,Africa ,1972,5047.66,64.27,461633,8.52668
Reunion ,Africa ,1977,4319.8,67.06,492095,8.3709641
Reunion ,Africa ,1982,5267.22,69.89,517810,8.5692577
Reunion ,Africa ,1987,5303.38,71.91,562035,8.5760994
Reunion ,Africa ,1992,6101.26,73.62,622191,8.7162504
Reunion ,Africa ,1997,6071.94,74.77,684810,8.7114334
Reunion ,Africa ,2002,6316.17,75.74,743981,8.7508678
Reunion ,Africa ,2007,7670.12,76.44,798094,8.9450874
Romania ,Europe ,1952,3144.61,61.05,16630000,8.0534449
Romania ,Europe ,1957,3943.37,64.1,17829327,8.2797909
Romania ,Europe ,1962,4735,66.8,18680721,8.4627371
Romania ,Europe ,1967,6470.87,66.8,19284814,8.7750654
Romania ,Europe ,1972,8011.41,69.21,20662648,8.9886217
Romania ,Europe ,1977,9356.4,69.46,21658597,9.143816
Romania ,Europe ,1982,9605.31,69.66,22356726,9.1700716
Romania ,Europe ,1987,9696.27,69.53,22686371,9.1794968
Romania ,Europe ,1992,6598.41,69.36,22797027,8.7945843
Romania ,Europe ,1997,7346.55,69.72,22562458,8.9019861
Romania ,Europe ,2002,7885.36,71.32,22404337,8.9727631
Romania ,Europe ,2007,10808.48,72.48,22276056,9.2880859
Rwanda ,Africa ,1952,493.32,40,2534927,6.201158
Rwanda ,Africa ,1957,540.29,41.5,2822082,6.2921062
Rwanda ,Africa ,1962,597.47,43,3051242,6.392704
Rwanda ,Africa ,1967,510.96,44.1,3451079,6.2362914
Rwanda ,Africa ,1972,590.58,44.6,3992121,6.3811049
Rwanda ,Africa ,1977,670.08,45,4657072,6.5073972
Rwanda ,Africa ,1982,881.57,46.22,5507565,6.7817044
Rwanda ,Africa ,1987,847.99,44.02,6349365,6.7428689
Rwanda ,Africa ,1992,737.07,23.6,7290203,6.6026831
Rwanda ,Africa ,1997,589.94,36.09,7212583,6.3800206
Rwanda ,Africa ,2002,785.65,43.41,7852401,6.6665115
Rwanda ,Africa ,2007,863.09,46.24,8860588,6.760519
Sao Tome and Principe ,Africa ,1952,879.58,46.47,60011,6.7794447
Sao Tome and Principe ,Africa ,1957,860.74,48.95,61325,6.7577925
Sao Tome and Principe ,Africa ,1962,1071.55,51.89,65345,6.9768615
Sao Tome and Principe ,Africa ,1967,1384.84,54.43,70787,7.2333398
Sao Tome and Principe ,Africa ,1972,1532.99,56.48,76595,7.3349752
Sao Tome and Principe ,Africa ,1977,1737.56,58.55,86796,7.460237
Sao Tome and Principe ,Africa ,1982,1890.22,60.35,98593,7.5444484
Sao Tome and Principe ,Africa ,1987,1516.53,61.73,110812,7.3241801
Sao Tome and Principe ,Africa ,1992,1428.78,62.74,125911,7.2645764
Sao Tome and Principe ,Africa ,1997,1339.08,63.31,145608,7.199738
Sao Tome and Principe ,Africa ,2002,1353.09,64.34,170372,7.210146
Sao Tome and Principe ,Africa ,2007,1598.44,65.53,199579,7.3767834
Saudi Arabia ,Asia ,1952,6459.55,39.88,4005677,8.7733145
Saudi Arabia ,Asia ,1957,8157.59,42.87,4419650,9.0067043
Saudi Arabia ,Asia ,1962,11626.42,45.91,4943029,9.3610353
Saudi Arabia ,Asia ,1967,16903.05,49.9,5618198,9.7352495
Saudi Arabia ,Asia ,1972,24837.43,53.89,6472756,10.120107
Saudi Arabia ,Asia ,1977,34167.76,58.69,8128505,10.439037
Saudi Arabia ,Asia ,1982,33693.18,63.01,11254672,10.425051
Saudi Arabia ,Asia ,1987,21198.26,66.3,14619745,9.9616747
Saudi Arabia ,Asia ,1992,24841.62,68.77,16945857,10.120275
Saudi Arabia ,Asia ,1997,20586.69,70.53,21229759,9.9323997
Saudi Arabia ,Asia ,2002,19014.54,71.63,24501530,9.8529596
Saudi Arabia ,Asia ,2007,21654.83,72.78,27601038,9.9829836
Senegal ,Africa ,1952,1450.36,37.28,2755589,7.2795672
Senegal ,Africa ,1957,1567.65,39.33,3054547,7.3573332
Senegal ,Africa ,1962,1654.99,41.45,3430243,7.41155
Senegal ,Africa ,1967,1612.4,43.56,3965841,7.385479
Senegal ,Africa ,1972,1597.71,45.82,4588696,7.3763266
Senegal ,Africa ,1977,1561.77,48.88,5260855,7.3535752
Senegal ,Africa ,1982,1518.48,52.38,6147783,7.3254652
Senegal ,Africa ,1987,1441.72,55.77,7171347,7.273592
Senegal ,Africa ,1992,1367.9,58.2,8307920,7.2210321
Senegal ,Africa ,1997,1392.37,60.19,9535314,7.2387624
Senegal ,Africa ,2002,1519.64,61.6,10870037,7.3262286
Senegal ,Africa ,2007,1712.47,63.06,12267493,7.4456921
Serbia ,Europe ,1952,3581.46,58,6860147,8.183526
Serbia ,Europe ,1957,4981.09,61.69,7271135,8.5134039
Serbia ,Europe ,1962,6289.63,64.53,7616060,8.7466574
Serbia ,Europe ,1967,7991.71,66.91,7971222,8.9861603
Serbia ,Europe ,1972,10522.07,68.7,8313288,9.2612305
Serbia ,Europe ,1977,12980.67,70.3,8686367,9.4712162
Serbia ,Europe ,1982,15181.09,70.16,9032824,9.6278057
Serbia ,Europe ,1987,15870.88,71.22,9230783,9.6722412
Serbia ,Europe ,1992,9325.07,71.66,9826397,9.1404619
Serbia ,Europe ,1997,7914.32,72.23,10336594,8.976429
Serbia ,Europe ,2002,7236.08,73.21,10111559,8.8868351
Serbia ,Europe ,2007,9786.53,74,10150265,9.1887627
Sierra Leone ,Africa ,1952,879.79,30.33,2143249,6.7796831
Sierra Leone ,Africa ,1957,1004.48,31.57,2295678,6.9122252
Sierra Leone ,Africa ,1962,1116.64,32.77,2467895,7.0180793
Sierra Leone ,Africa ,1967,1206.04,34.11,2662190,7.0950975
Sierra Leone ,Africa ,1972,1353.76,35.4,2879013,7.2106414
Sierra Leone ,Africa ,1977,1348.29,36.79,3140897,7.2065926
Sierra Leone ,Africa ,1982,1465.01,38.45,3464522,7.2896175
Sierra Leone ,Africa ,1987,1294.45,40.01,3868905,7.1658411
Sierra Leone ,Africa ,1992,1068.7,38.33,4260884,6.9741983
Sierra Leone ,Africa ,1997,574.65,39.9,4578212,6.3537612
Sierra Leone ,Africa ,2002,699.49,41.01,5359092,6.5503516
Sierra Leone ,Africa ,2007,862.54,42.57,6144562,6.7598815
Singapore ,Asia ,1952,2315.14,60.4,1127000,7.7472253
Singapore ,Asia ,1957,2843.1,63.18,1445929,7.9526501
Singapore ,Asia ,1962,3674.74,65.8,1750200,8.2092381
Singapore ,Asia ,1967,4977.42,67.95,1977600,8.5126667
Singapore ,Asia ,1972,8597.76,69.52,2152400,9.0592566
Singapore ,Asia ,1977,11210.09,70.8,2325300,9.3245697
Singapore ,Asia ,1982,15169.16,71.76,2651869,9.6270199
Singapore ,Asia ,1987,18861.53,73.56,2794552,9.8448801
Singapore ,Asia ,1992,24769.89,75.79,3235865,10.117384
Singapore ,Asia ,1997,33519.48,77.16,3802309,10.419882
Singapore ,Asia ,2002,36023.11,78.77,4197776,10.491916
Singapore ,Asia ,2007,47143.18,79.97,4553009,10.760944
Slovak Republic ,Europe ,1952,5074.66,64.36,3558137,8.5320148
Slovak Republic ,Europe ,1957,6093.26,67.45,3844277,8.7149382
Slovak Republic ,Europe ,1962,7481.11,70.33,4237384,8.9201365
Slovak Republic ,Europe ,1967,8412.9,70.98,4442238,9.0375214
Slovak Republic ,Europe ,1972,9674.17,70.35,4593433,9.1772146
Slovak Republic ,Europe ,1977,10922.66,70.45,4827803,9.2985945
Slovak Republic ,Europe ,1982,11348.55,70.8,5048043,9.3368454
Slovak Republic ,Europe ,1987,12037.27,71.08,5199318,9.3957634
Slovak Republic ,Europe ,1992,9498.47,71.38,5302888,9.158886
Slovak Republic ,Europe ,1997,12126.23,72.71,5383010,9.4031258
Slovak Republic ,Europe ,2002,13638.78,73.8,5410052,9.5206728
Slovak Republic ,Europe ,2007,18678.31,74.66,5447502,9.8351183
Slovenia ,Europe ,1952,4215.04,65.57,1489518,8.3464146
Slovenia ,Europe ,1957,5862.28,67.85,1533070,8.6762943
Slovenia ,Europe ,1962,7402.3,69.15,1582962,8.9095459
Slovenia ,Europe ,1967,9405.49,69.18,1646912,9.1490488
Slovenia ,Europe ,1972,12383.49,69.82,1694510,9.424119
Slovenia ,Europe ,1977,15277.03,70.97,1746919,9.6341057
Slovenia ,Europe ,1982,17866.72,71.06,1861252,9.7906952
Slovenia ,Europe ,1987,18678.53,72.25,1945870,9.8351297
Slovenia ,Europe ,1992,14214.72,73.64,1999210,9.5620337
Slovenia ,Europe ,1997,17161.11,75.13,2011612,9.7504015
Slovenia ,Europe ,2002,20660.02,76.66,2011497,9.935956
Slovenia ,Europe ,2007,25768.26,77.93,2009245,10.156898
Somalia ,Africa ,1952,1135.75,32.98,2526994,7.0350485
Somalia ,Africa ,1957,1258.15,34.98,2780415,7.1373978
Somalia ,Africa ,1962,1369.49,36.98,3080153,7.2221937
Somalia ,Africa ,1967,1284.73,38.98,3428839,7.1583037
Somalia ,Africa ,1972,1254.58,40.97,3840161,7.1345563
Somalia ,Africa ,1977,1450.99,41.97,4353666,7.2800012
Somalia ,Africa ,1982,1176.81,42.96,5828892,7.0705628
Somalia ,Africa ,1987,1093.24,44.5,6921858,6.996901
Somalia ,Africa ,1992,926.96,39.66,6099799,6.8319106
Somalia ,Africa ,1997,930.6,43.8,6633514,6.8358297
Somalia ,Africa ,2002,882.08,45.94,7753310,6.7822828
Somalia ,Africa ,2007,926.14,48.16,9118773,6.8310256
South Africa ,Africa ,1952,4725.3,45.01,14264935,8.4606867
South Africa ,Africa ,1957,5487.1,47.99,16151549,8.6101551
South Africa ,Africa ,1962,5768.73,49.95,18356657,8.6602068
South Africa ,Africa ,1967,7114.48,51.93,20997321,8.8698874
South Africa ,Africa ,1972,7765.96,53.7,23935810,8.9575052
South Africa ,Africa ,1977,8028.65,55.53,27129932,8.9907713
South Africa ,Africa ,1982,8568.27,58.16,31140029,9.0558214
South Africa ,Africa ,1987,7825.82,60.83,35933379,8.9651842
South Africa ,Africa ,1992,7225.07,61.89,39964159,8.8853121
South Africa ,Africa ,1997,7479.19,60.24,42835005,8.9198799
South Africa ,Africa ,2002,7710.95,53.37,44433622,8.9503965
South Africa ,Africa ,2007,9269.66,49.34,43997828,9.1345024
Spain ,Europe ,1952,3834.03,64.94,28549870,8.2516718
Spain ,Europe ,1957,4564.8,66.66,29841614,8.4261303
Spain ,Europe ,1962,5693.84,69.69,31158061,8.6471405
Spain ,Europe ,1967,7993.51,71.44,32850275,8.9863853
Spain ,Europe ,1972,10638.75,73.06,34513161,9.2722578
Spain ,Europe ,1977,13236.92,74.39,36439000,9.4907656
Spain ,Europe ,1982,13926.17,76.3,37983310,9.5415249
Spain ,Europe ,1987,15764.98,76.9,38880702,9.6655464
Spain ,Europe ,1992,18603.06,77.57,39549438,9.8310814
Spain ,Europe ,1997,20445.3,78.77,39855442,9.9255085
Spain ,Europe ,2002,24835.47,79.78,40152517,10.120028
Spain ,Europe ,2007,28821.06,80.94,40448191,10.268862
Sri Lanka ,Asia ,1952,1083.53,57.59,7982342,6.9879794
Sri Lanka ,Asia ,1957,1072.55,61.46,9128546,6.9777942
Sri Lanka ,Asia ,1962,1074.47,62.19,10421936,6.9795828
Sri Lanka ,Asia ,1967,1135.51,64.27,11737396,7.0348372
Sri Lanka ,Asia ,1972,1213.4,65.04,13016733,7.1011815
Sri Lanka ,Asia ,1977,1348.78,65.95,14116836,7.2069559
Sri Lanka ,Asia ,1982,1648.08,68.76,15410151,7.4073663
Sri Lanka ,Asia ,1987,1876.77,69.01,16495304,7.5373073
Sri Lanka ,Asia ,1992,2153.74,70.38,17587060,7.6749611
Sri Lanka ,Asia ,1997,2664.48,70.46,18698655,7.887764
Sri Lanka ,Asia ,2002,3015.38,70.82,19576783,8.0114813
Sri Lanka ,Asia ,2007,3970.1,72.4,20378239,8.2865467
Sudan ,Africa ,1952,1615.99,38.64,8504667,7.3877029
Sudan ,Africa ,1957,1770.34,39.62,9753392,7.4789271
Sudan ,Africa ,1962,1959.59,40.87,11183227,7.5804906
Sudan ,Africa ,1967,1688,42.86,12716129,7.4312997
Sudan ,Africa ,1972,1659.65,45.08,14597019,7.414362
Sudan ,Africa ,1977,2202.99,47.8,17104986,7.6975708
Sudan ,Africa ,1982,1895.54,50.34,20367053,7.5472589
Sudan ,Africa ,1987,1507.82,51.74,24725960,7.3184204
Sudan ,Africa ,1992,1492.2,53.56,28227588,7.3080068
Sudan ,Africa ,1997,1632.21,55.37,32160729,7.3976903
Sudan ,Africa ,2002,1993.4,56.37,37090298,7.5975971
Sudan ,Africa ,2007,2602.39,58.56,42292929,7.8641853
Swaziland ,Africa ,1952,1148.38,41.41,290243,7.0461078
Swaziland ,Africa ,1957,1244.71,43.42,326741,7.126658
Swaziland ,Africa ,1962,1856.18,44.99,370006,7.5262761
Swaziland ,Africa ,1967,2613.1,46.63,420690,7.8682923
Swaziland ,Africa ,1972,3364.84,49.55,480105,8.1211357
Swaziland ,Africa ,1977,3781.41,52.54,551425,8.2378521
Swaziland ,Africa ,1982,3895.38,55.56,649901,8.2675467
Swaziland ,Africa ,1987,3984.84,57.68,779348,8.2902527
Swaziland ,Africa ,1992,3553.02,58.47,962344,8.1755533
Swaziland ,Africa ,1997,3876.77,54.29,1054486,8.2627573
Swaziland ,Africa ,2002,4128.12,43.87,1130269,8.3255777
Swaziland ,Africa ,2007,4513.48,39.61,1133066,8.4148235
Sweden ,Europe ,1952,8527.84,71.86,7124673,9.0510912
Sweden ,Europe ,1957,9911.88,72.49,7363802,9.2014894
Sweden ,Europe ,1962,12329.44,73.37,7561588,9.4197454
Sweden ,Europe ,1967,15258.3,74.16,7867931,9.6328793
Sweden ,Europe ,1972,17832.02,74.72,8122293,9.7887506
Sweden ,Europe ,1977,18855.73,75.44,8251648,9.8445721
Sweden ,Europe ,1982,20667.38,76.42,8325260,9.9363117
Sweden ,Europe ,1987,23586.93,77.19,8421403,10.068448
Sweden ,Europe ,1992,23880.02,78.16,8718867,10.080797
Sweden ,Europe ,1997,25266.59,79.39,8897619,10.137239
Sweden ,Europe ,2002,29341.63,80.04,8954175,10.286762
Sweden ,Europe ,2007,33859.75,80.88,9031088,10.429982
Switzerland ,Europe ,1952,14734.23,69.62,4815000,9.597929
Switzerland ,Europe ,1957,17909.49,70.56,5126000,9.7930861
Switzerland ,Europe ,1962,20431.09,71.32,5666000,9.9248133
Switzerland ,Europe ,1967,22966.14,72.77,6063000,10.041777
Switzerland ,Europe ,1972,27195.11,73.78,6401400,10.210793
Switzerland ,Europe ,1977,26982.29,75.39,6316424,10.202936
Switzerland ,Europe ,1982,28397.72,76.21,6468126,10.254065
Switzerland ,Europe ,1987,30281.7,77.41,6649942,10.318299
Switzerland ,Europe ,1992,31871.53,78.03,6995447,10.369469
Switzerland ,Europe ,1997,32135.32,79.37,7193761,10.377711
Switzerland ,Europe ,2002,34480.96,80.62,7361757,10.448163
Switzerland ,Europe ,2007,37506.42,81.7,7554661,10.532268
Syria ,Asia ,1952,1643.49,45.88,3661549,7.4045773
Syria ,Asia ,1957,2117.23,48.28,4149908,7.6578641
Syria ,Asia ,1962,2193.04,50.31,4834621,7.6930442
Syria ,Asia ,1967,1881.92,53.66,5680812,7.5400476
Syria ,Asia ,1972,2571.42,57.3,6701172,7.8522134
Syria ,Asia ,1977,3195.48,61.2,7932503,8.0694923
Syria ,Asia ,1982,3761.84,64.59,9410494,8.2326632
Syria ,Asia ,1987,3116.77,66.97,11242847,8.0445528
Syria ,Asia ,1992,3340.54,69.25,13219062,8.1138878
Syria ,Asia ,1997,4014.24,71.53,15081016,8.2976036
Syria ,Asia ,2002,4090.93,73.05,17155814,8.3165274
Syria ,Asia ,2007,4184.55,74.14,19314747,8.3391542
Taiwan ,Asia ,1952,1206.95,58.5,8550362,7.0958519
Taiwan ,Asia ,1957,1507.86,62.4,10164215,7.3184466
Taiwan ,Asia ,1962,1822.88,65.2,11918938,7.508173
Taiwan ,Asia ,1967,2643.86,67.5,13648692,7.8799953
Taiwan ,Asia ,1972,4062.52,69.39,15226039,8.3095589
Taiwan ,Asia ,1977,5596.52,70.59,16785196,8.6299
Taiwan ,Asia ,1982,7426.35,72.16,18501390,8.9127893
Taiwan ,Asia ,1987,11054.56,73.4,19757799,9.3105984
Taiwan ,Asia ,1992,15215.66,74.26,20686918,9.6300802
Taiwan ,Asia ,1997,20206.82,75.25,21628605,9.9137754
Taiwan ,Asia ,2002,23235.42,76.99,22454239,10.053433
Taiwan ,Asia ,2007,28718.28,78.4,23174294,10.265289
Tanzania ,Africa ,1952,716.65,41.22,8322925,6.5745873
Tanzania ,Africa ,1957,698.54,42.97,9452826,6.5489926
Tanzania ,Africa ,1962,722,44.25,10863958,6.5820251
Tanzania ,Africa ,1967,848.22,45.76,12607312,6.7431402
Tanzania ,Africa ,1972,915.99,47.62,14706593,6.8200054
Tanzania ,Africa ,1977,962.49,49.92,17129565,6.8695235
Tanzania ,Africa ,1982,874.24,50.61,19844382,6.773355
Tanzania ,Africa ,1987,831.82,51.54,23040630,6.7236161
Tanzania ,Africa ,1992,825.68,50.44,26605473,6.7162075
Tanzania ,Africa ,1997,789.19,48.47,30686889,6.6710072
Tanzania ,Africa ,2002,899.07,49.65,34593779,6.8013611
Tanzania ,Africa ,2007,1107.48,52.52,38139640,7.0098424
Thailand ,Asia ,1952,757.8,50.85,21289402,6.6304197
Thailand ,Asia ,1957,793.58,53.63,25041917,6.6765542
Thailand ,Asia ,1962,1002.2,56.06,29263397,6.9099526
Thailand ,Asia ,1967,1295.46,58.29,34024249,7.1666212
Thailand ,Asia ,1972,1524.36,60.41,39276153,7.32933
Thailand ,Asia ,1977,1961.22,62.49,44148285,7.5813222
Thailand ,Asia ,1982,2393.22,64.6,48827160,7.780395
Thailand ,Asia ,1987,2982.65,66.08,52910342,8.0005674
Thailand ,Asia ,1992,4616.9,67.3,56667095,8.437479
Thailand ,Asia ,1997,5852.63,67.52,60216677,8.6746464
Thailand ,Asia ,2002,5913.19,68.56,62806748,8.6849403
Thailand ,Asia ,2007,7458.4,70.62,65068149,8.9170961
Togo ,Africa ,1952,859.81,38.6,1219113,6.7567115
Togo ,Africa ,1957,925.91,41.21,1357445,6.8307772
Togo ,Africa ,1962,1067.53,43.92,1528098,6.973103
Togo ,Africa ,1967,1477.6,46.77,1735550,7.2981744
Togo ,Africa ,1972,1649.66,49.76,2056351,7.4083247
Togo ,Africa ,1977,1532.78,52.89,2308582,7.3348384
Togo ,Africa ,1982,1344.58,55.47,2644765,7.2038369
Togo ,Africa ,1987,1202.2,56.94,3154264,7.0919085
Togo ,Africa ,1992,1034.3,58.06,3747553,6.9414802
Togo ,Africa ,1997,982.29,58.39,4320890,6.8898864
Togo ,Africa ,2002,886.22,57.56,4977378,6.7869654
Togo ,Africa ,2007,882.97,58.42,5701579,6.7832913
Trinidad and Tobago ,Americas ,1952,3023.27,59.1,662850,8.0140944
Trinidad and Tobago ,Americas ,1957,4100.39,61.8,764900,8.3188372
Trinidad and Tobago ,Americas ,1962,4997.52,64.9,887498,8.5166969
Trinidad and Tobago ,Americas ,1967,5621.37,65.4,960155,8.6343307
Trinidad and Tobago ,Americas ,1972,6619.55,65.9,975199,8.7977829
Trinidad and Tobago ,Americas ,1977,7899.55,68.3,1039009,8.9745607
Trinidad and Tobago ,Americas ,1982,9119.53,68.83,1116479,9.1181736
Trinidad and Tobago ,Americas ,1987,7388.6,69.58,1191336,8.9076939
Trinidad and Tobago ,Americas ,1992,7370.99,69.86,1183669,8.9053078
Trinidad and Tobago ,Americas ,1997,8792.57,69.47,1138101,9.0816622
Trinidad and Tobago ,Americas ,2002,11460.6,68.98,1101832,9.3466702
Trinidad and Tobago ,Americas ,2007,18008.51,69.82,1056608,9.7985992
Tunisia ,Africa ,1952,1468.48,44.6,3647735,7.2919831
Tunisia ,Africa ,1957,1395.23,47.1,3950849,7.2408147
Tunisia ,Africa ,1962,1660.3,49.58,4286552,7.4147534
Tunisia ,Africa ,1967,1932.36,52.05,4786986,7.5664973
Tunisia ,Africa ,1972,2753.29,55.6,5303507,7.9205518
Tunisia ,Africa ,1977,3120.88,59.84,6005061,8.0458698
Tunisia ,Africa ,1982,3560.23,64.05,6734098,8.1775808
Tunisia ,Africa ,1987,3810.42,66.89,7724976,8.2454948
Tunisia ,Africa ,1992,4332.72,70,8523077,8.373951
Tunisia ,Africa ,1997,4876.8,71.97,9231669,8.4922447
Tunisia ,Africa ,2002,5722.9,73.04,9770575,8.6522312
Tunisia ,Africa ,2007,7092.92,73.92,10276158,8.8668528
Turkey ,Europe ,1952,1969.1,43.59,22235677,7.5853319
Turkey ,Europe ,1957,2218.75,48.08,25670939,7.704699
Turkey ,Europe ,1962,2322.87,52.1,29788695,7.7505589
Turkey ,Europe ,1967,2826.36,54.34,33411317,7.9467449
Turkey ,Europe ,1972,3450.7,57.01,37492953,8.1463327
Turkey ,Europe ,1977,4269.12,59.51,42404033,8.3591633
Turkey ,Europe ,1982,4241.36,61.04,47328791,8.3526392
Turkey ,Europe ,1987,5089.04,63.11,52881328,8.5348444
Turkey ,Europe ,1992,5678.35,66.15,58179144,8.6444159
Turkey ,Europe ,1997,6601.43,68.84,63047647,8.795042
Turkey ,Europe ,2002,6508.09,70.85,67308928,8.7808018
Turkey ,Europe ,2007,8458.28,71.78,71158647,9.042901
Uganda ,Africa ,1952,734.75,39.98,5824797,6.5995302
Uganda ,Africa ,1957,774.37,42.57,6675501,6.65205
Uganda ,Africa ,1962,767.27,45.34,7688797,6.642839
Uganda ,Africa ,1967,908.92,48.05,8900294,6.8122573
Uganda ,Africa ,1972,950.74,51.02,10190285,6.8572407
Uganda ,Africa ,1977,843.73,50.35,11457758,6.7378325
Uganda ,Africa ,1982,682.27,49.85,12939400,6.5254254
Uganda ,Africa ,1987,617.72,51.51,15283050,6.4260354
Uganda ,Africa ,1992,644.17,48.83,18252190,6.4679627
Uganda ,Africa ,1997,816.56,44.58,21210254,6.7051005
Uganda ,Africa ,2002,927.72,47.81,24739869,6.8327298
Uganda ,Africa ,2007,1056.38,51.54,29170398,6.9626031
United Kingdom ,Europe ,1952,9979.51,69.18,50430000,9.2082891
United Kingdom ,Europe ,1957,11283.18,70.42,51430000,9.331068
United Kingdom ,Europe ,1962,12477.18,70.76,53292000,9.4316568
United Kingdom ,Europe ,1967,14142.85,71.36,54959000,9.5569649
United Kingdom ,Europe ,1972,15895.12,72.01,56079000,9.6737671
United Kingdom ,Europe ,1977,17428.75,72.76,56179000,9.7658768
United Kingdom ,Europe ,1982,18232.42,74.04,56339704,9.810957
United Kingdom ,Europe ,1987,21664.79,75.01,56981620,9.9834433
United Kingdom ,Europe ,1992,22705.09,76.42,57866349,10.030344
United Kingdom ,Europe ,1997,26074.53,77.22,58808266,10.168715
United Kingdom ,Europe ,2002,29479,78.47,59912431,10.291433
United Kingdom ,Europe ,2007,33203.26,79.43,60776238,10.410403
United States ,Americas ,1952,13990.48,68.44,157553000,9.5461321
United States ,Americas ,1957,14847.13,69.49,171984000,9.6055622
United States ,Americas ,1962,16173.15,70.21,186538000,9.6911077
United States ,Americas ,1967,19530.37,70.76,198712000,9.8797264
United States ,Americas ,1972,21806.04,71.34,209896000,9.9899426
United States ,Americas ,1977,24072.63,73.38,220239000,10.088831
United States ,Americas ,1982,25009.56,74.65,232187835,10.127013
United States ,Americas ,1987,29884.35,75.02,242803533,10.30509
United States ,Americas ,1992,32003.93,76.09,256894189,10.373614
United States ,Americas ,1997,35767.43,76.81,272911760,10.484793
United States ,Americas ,2002,39097.1,77.31,287675526,10.573804
United States ,Americas ,2007,42951.65,78.24,301139947,10.66783
Uruguay ,Americas ,1952,5716.77,66.07,2252965,8.6511593
Uruguay ,Americas ,1957,6150.77,67.04,2424959,8.7243328
Uruguay ,Americas ,1962,5603.36,68.25,2598466,8.6311216
Uruguay ,Americas ,1967,5444.62,68.47,2748579,8.6023836
Uruguay ,Americas ,1972,5703.41,68.67,2829526,8.6488199
Uruguay ,Americas ,1977,6504.34,69.48,2873520,8.7802248
Uruguay ,Americas ,1982,6920.22,70.81,2953997,8.8422031
Uruguay ,Americas ,1987,7452.4,71.92,3045153,8.9162912
Uruguay ,Americas ,1992,8137,72.75,3149262,9.0041771
Uruguay ,Americas ,1997,9230.24,74.22,3262838,9.1302404
Uruguay ,Americas ,2002,7727,75.31,3363085,8.9524755
Uruguay ,Americas ,2007,10611.46,76.38,3447496,9.2696896
Venezuela ,Americas ,1952,7689.8,55.09,5439568,8.94765
Venezuela ,Americas ,1957,9802.47,57.91,6702668,9.1903896
Venezuela ,Americas ,1962,8422.97,60.77,8143375,9.0387182
Venezuela ,Americas ,1967,9541.47,63.48,9709552,9.1634026
Venezuela ,Americas ,1972,10505.26,65.71,11515649,9.2596312
Venezuela ,Americas ,1977,13143.95,67.46,13503563,9.483717
Venezuela ,Americas ,1982,11152.41,68.56,15620766,9.3194113
Venezuela ,Americas ,1987,9883.58,70.19,17910182,9.1986303
Venezuela ,Americas ,1992,10733.93,71.15,20265563,9.2811651
Venezuela ,Americas ,1997,10165.5,72.15,22374398,9.2267551
Venezuela ,Americas ,2002,8605.05,72.77,24287670,9.0601044
Venezuela ,Americas ,2007,11415.81,73.75,26084662,9.3427544
Vietnam ,Asia ,1952,605.07,40.41,26246839,6.405344
Vietnam ,Asia ,1957,676.29,42.89,28998543,6.5166221
Vietnam ,Asia ,1962,772.05,45.36,33796140,6.6490493
Vietnam ,Asia ,1967,637.12,47.84,39463910,6.4569578
Vietnam ,Asia ,1972,699.5,50.25,44655014,6.5503659
Vietnam ,Asia ,1977,713.54,55.76,50533506,6.5702386
Vietnam ,Asia ,1982,707.24,58.82,56142181,6.5613699
Vietnam ,Asia ,1987,820.8,62.82,62826491,6.7102795
Vietnam ,Asia ,1992,989.02,67.66,69940728,6.8967147
Vietnam ,Asia ,1997,1385.9,70.67,76048996,7.2341051
Vietnam ,Asia ,2002,1764.46,73.02,80908147,7.4755998
Vietnam ,Asia ,2007,2441.58,74.25,85262356,7.8004007
West Bank and Gaza ,Asia ,1952,1515.59,43.16,1030585,7.3235602
West Bank and Gaza ,Asia ,1957,1827.07,45.67,1070439,7.510469
West Bank and Gaza ,Asia ,1962,2198.96,48.13,1133134,7.6957397
West Bank and Gaza ,Asia ,1967,2649.72,51.63,1142636,7.8822093
West Bank and Gaza ,Asia ,1972,3133.41,56.53,1089572,8.0498772
West Bank and Gaza ,Asia ,1977,3682.83,60.77,1261091,8.2114372
West Bank and Gaza ,Asia ,1982,4336.03,64.41,1425876,8.3747149
West Bank and Gaza ,Asia ,1987,5107.2,67.05,1691210,8.5384064
West Bank and Gaza ,Asia ,1992,6017.65,69.72,2104779,8.7024517
West Bank and Gaza ,Asia ,1997,7110.67,71.1,2826046,8.8693514
West Bank and Gaza ,Asia ,2002,4515.49,72.37,3389578,8.4152689
West Bank and Gaza ,Asia ,2007,3025.35,73.42,4018332,8.014782
"Yemen, Rep. ",Asia ,1952,781.72,32.55,4963829,6.6614966
"Yemen, Rep. ",Asia ,1957,804.83,33.97,5498090,6.6906309
"Yemen, Rep. ",Asia ,1962,825.62,35.18,6120081,6.7161345
"Yemen, Rep. ",Asia ,1967,862.44,36.98,6740785,6.7597656
"Yemen, Rep. ",Asia ,1972,1265.05,39.85,7407075,7.1428671
"Yemen, Rep. ",Asia ,1977,1829.77,44.18,8403990,7.5119457
"Yemen, Rep. ",Asia ,1982,1977.56,49.11,9657618,7.5896192
"Yemen, Rep. ",Asia ,1987,1971.74,52.92,11219340,7.5866718
"Yemen, Rep. ",Asia ,1992,1879.5,55.6,13367997,7.5387611
"Yemen, Rep. ",Asia ,1997,2117.48,58.02,15826497,7.6579819
"Yemen, Rep. ",Asia ,2002,2234.82,60.31,18701257,7.711916
"Yemen, Rep. ",Asia ,2007,2280.77,62.7,22211743,7.7322683
Zambia ,Africa ,1952,1147.39,42.04,2672000,7.0452452
Zambia ,Africa ,1957,1311.96,44.08,3016000,7.1792774
Zambia ,Africa ,1962,1452.73,46.02,3421000,7.2811999
Zambia ,Africa ,1967,1777.08,47.77,3900000,7.4827271
Zambia ,Africa ,1972,1773.5,50.11,4506497,7.4807105
Zambia ,Africa ,1977,1588.69,51.39,5216550,7.3706651
Zambia ,Africa ,1982,1408.68,51.82,6100407,7.2504082
Zambia ,Africa ,1987,1213.32,50.82,7272406,7.1011157
Zambia ,Africa ,1992,1210.88,46.1,8381163,7.0991025
Zambia ,Africa ,1997,1071.35,40.24,9417789,6.976675
Zambia ,Africa ,2002,1071.61,39.19,10595811,6.9769173
Zambia ,Africa ,2007,1271.21,42.38,11746035,7.1477246
Zimbabwe ,Africa ,1952,406.88,48.45,3080907,6.0085182
Zimbabwe ,Africa ,1957,518.76,50.47,3646340,6.2514415
Zimbabwe ,Africa ,1962,527.27,52.36,4277736,6.2677126
Zimbabwe ,Africa ,1967,569.8,54,4995432,6.3452854
Zimbabwe ,Africa ,1972,799.36,55.64,5861135,6.6838112
Zimbabwe ,Africa ,1977,685.59,57.67,6642107,6.5302796
Zimbabwe ,Africa ,1982,788.86,60.36,7636524,6.670589
Zimbabwe ,Africa ,1987,706.16,62.35,9216418,6.5598416
Zimbabwe ,Africa ,1992,693.42,60.38,10704340,6.541636
Zimbabwe ,Africa ,1997,792.45,46.81,11404948,6.6751294
Zimbabwe ,Africa ,2002,672.04,39.99,11926563,6.5103178
Zimbabwe ,Africa ,2007,469.71,43.49,12311143,6.1521153
